date,交割月份,IM_settle,MO_synthetic,basis,rolling_mean,upper,lower
2022-07-22,202208,6934.2,6955.2,21.0,,,
2022-07-25,202208,6885.8,6877.799999999999,-8.00000000000091,,,
2022-07-26,202208,6964.4,6975.4,11.0,,,
2022-07-27,202208,7059.4,7063.0,3.600000000000364,,,
2022-07-28,202208,7112.4,7113.0,0.6000000000003638,,,
2022-07-29,202208,7090.2,7090.4,0.1999999999998181,,,
2022-08-01,202208,7130.0,7136.4,6.399999999999636,,,
2022-08-02,202208,6975.4,6938.0,-37.39999999999963,,,
2022-08-03,202208,6914.6,6880.0,-34.600000000000364,,,
2022-08-04,202208,6872.0,6899.0,27.0,,,
2022-08-05,202208,7051.4,7074.0,22.600000000000364,,,
2022-08-08,202208,7130.6,7129.4,-1.2000000000007276,,,
2022-08-09,202208,7154.4,7157.599999999999,3.199999999999818,,,
2022-08-10,202208,7158.2,7168.0,9.800000000000182,,,
2022-08-11,202208,7278.6,7275.8,-2.800000000000182,,,
2022-08-12,202208,7228.8,7220.0,-8.800000000000182,,,
2022-08-15,202208,7262.4,7265.6,3.2000000000007276,,,
2022-08-16,202208,7305.6,7308.6,3.0,,,
2022-08-17,202208,7325.8,7329.2,3.399999999999636,,,
2022-08-18,202209,7307.4,7309.4,2.0,,,
2022-08-19,202209,7203.2,7188.2,-15.0,,,
2022-08-22,202209,7239.4,7234.599999999999,-4.800000000000182,,,
2022-08-23,202209,7241.0,7253.2,12.199999999999818,,,
2022-08-24,202209,6977.6,6970.0,-7.600000000000364,,,
2022-08-25,202209,6913.8,6946.4,32.599999999999454,,,
2022-08-26,202209,6911.6,6918.8,7.199999999999818,,,
2022-08-29,202209,6953.8,6954.2,0.3999999999996362,,,
2022-08-30,202209,6932.4,6937.4,5.0,,,
2022-08-31,202209,6731.0,6714.0,-17.0,,,
2022-09-01,202209,6679.2,6684.6,5.400000000000546,,,
2022-09-02,202209,6725.4,6737.8,12.400000000000546,,,
2022-09-05,202209,6738.2,6751.200000000001,13.00000000000091,,,
2022-09-06,202209,6865.8,6879.4,13.599999999999454,,,
2022-09-07,202209,6917.8,6917.2,-0.6000000000003638,,,
2022-09-08,202209,6875.6,6874.0,-1.6000000000003638,,,
2022-09-09,202209,6910.2,6910.200000000001,9.094947017729282e-13,,,
2022-09-13,202209,6888.0,6892.2,4.199999999999818,,,
2022-09-14,202209,6822.4,6821.2,-1.199999999999818,,,
2022-09-15,202210,6496.8,6520.8,24.0,,,
2022-09-16,202210,6397.0,6399.4,2.399999999999636,,,
2022-09-19,202210,6298.2,6307.2,9.0,,,
2022-09-20,202210,6372.2,6388.200000000001,16.00000000000091,,,
2022-09-21,202210,6424.4,6410.799999999999,-13.600000000000364,,,
2022-09-22,202210,6438.4,6434.2,-4.199999999999818,,,
2022-09-23,202210,6333.4,6321.599999999999,-11.800000000000182,,,
2022-09-26,202210,6273.8,6262.8,-11.0,,,
2022-09-27,202210,6377.4,6396.6,19.200000000000728,,,
2022-09-28,202210,6240.2,6212.2,-28.0,,,
2022-09-29,202210,6215.0,6230.0,15.0,,,
2022-09-30,202210,6122.4,6108.2,-14.199999999999818,,,
2022-10-10,202210,5978.0,5970.200000000001,-7.799999999999272,,,
2022-10-11,202210,5996.6,5990.2,-6.400000000000546,,,
2022-10-12,202210,6135.0,6172.0,37.0,,,
2022-10-13,202210,6245.0,6237.2,-7.800000000000182,,,
2022-10-14,202210,6411.0,6414.0,3.0,,,
2022-10-17,202210,6466.6,6455.2,-11.400000000000546,,,
2022-10-18,202210,6491.4,6491.4,0.0,,,
2022-10-19,202210,6470.8,6460.0,-10.800000000000182,,,
2022-10-20,202211,6368.8,6362.8,-6.0,,,
2022-10-21,202211,6368.6,6382.0,13.399999999999636,,,
2022-10-24,202211,6332.2,6354.8,22.600000000000364,,,
2022-10-25,202211,6342.4,6339.0,-3.399999999999636,,,
2022-10-26,202211,6476.2,6492.6,16.400000000000546,,,
2022-10-27,202211,6484.8,6469.8,-15.0,,,
2022-10-28,202211,6250.8,6230.2,-20.600000000000364,,,
2022-10-31,202211,6274.2,6287.0,12.800000000000182,,,
2022-11-01,202211,6429.8,6467.8,38.0,,,
2022-11-02,202211,6528.8,6524.4,-4.400000000000546,,,
2022-11-03,202211,6567.2,6566.2,-1.0,,,
2022-11-04,202211,6731.2,6735.8,4.600000000000364,,,
2022-11-07,202211,6717.0,6709.0,-8.0,,,
2022-11-08,202211,6688.4,6707.0,18.600000000000364,,,
2022-11-09,202211,6683.2,6673.0,-10.199999999999818,,,
2022-11-10,202211,6619.2,6611.599999999999,-7.600000000000364,,,
2022-11-11,202211,6685.8,6647.0,-38.80000000000018,,,
2022-11-14,202211,6588.0,6593.2,5.199999999999818,,,
2022-11-15,202211,6738.0,6746.4,8.399999999999636,,,
2022-11-16,202211,6702.0,6697.8,-4.199999999999818,,,
2022-11-17,202212,6680.6,6710.599999999999,29.99999999999909,,,
2022-11-18,202212,6664.4,6656.400000000001,-7.999999999999091,,,
2022-11-21,202212,6685.4,6684.599999999999,-0.8000000000001819,,,
2022-11-22,202212,6545.6,6563.0,17.399999999999636,,,
2022-11-23,202212,6546.6,6555.0,8.399999999999636,,,
2022-11-24,202212,6564.6,6564.400000000001,-0.1999999999998181,,,
2022-11-25,202212,6501.8,6505.8,4.0,,,
2022-11-28,202212,6480.8,6491.6,10.800000000000182,,,
2022-11-29,202212,6598.8,6597.2,-1.6000000000003638,,,
2022-11-30,202212,6572.6,6582.599999999999,9.99999999999909,,,
2022-12-01,202212,6673.0,6665.0,-8.0,,,
2022-12-02,202212,6690.4,6682.8,-7.599999999999454,,,
2022-12-05,202212,6696.0,6703.4,7.399999999999636,,,
2022-12-06,202212,6687.2,6697.0,9.800000000000182,,,
2022-12-07,202212,6689.6,6697.6,8.0,,,
2022-12-08,202212,6652.8,6659.4,6.599999999999454,,,
2022-12-09,202212,6677.4,6679.6,2.2000000000007276,,,
2022-12-12,202212,6665.8,6657.4,-8.400000000000546,,,
2022-12-13,202212,6604.4,6606.400000000001,2.0000000000009095,,,
2022-12-14,202212,6565.4,6577.8,12.400000000000546,,,
2022-12-15,202212,6602.6,6603.200000000001,0.6000000000003638,,,
2022-12-16,202301,6509.4,6535.4,26.0,,,
2022-12-19,202301,6398.4,6417.4,19.0,2.2279999999999927,30.511300994606664,-26.05530099460668
2022-12-20,202301,6356.6,6351.8,-4.800000000000182,2.394059405940587,30.732835974906056,-25.94471716302488
2022-12-21,202301,6292.2,6312.8,20.600000000000364,2.323529411764697,30.557631065869632,-25.91057224234024
2022-12-22,202301,6200.4,6210.6,10.200000000000728,2.5009708737864025,30.82624532370558,-25.824303576132777
2022-12-23,202301,6153.2,6170.8,17.600000000000364,2.575000000000002,30.802848949409594,-25.652848949409588
2022-12-26,202301,6288.0,6284.6,-3.399999999999636,2.718095238095243,30.962560740239844,-25.526370264049355
2022-12-27,202301,6329.6,6334.8,5.199999999999818,2.6603773584905746,30.795137140589492,-25.474382423608343
2022-12-28,202301,6282.8,6294.0,11.199999999999818,2.684112149532717,30.69015124938451,-25.32192695031908
2022-12-29,202301,6280.8,6271.8,-9.0,2.762962962962968,30.68596246165243,-25.16003653572649
2022-12-30,202301,6282.8,6287.4,4.599999999999454,2.655045871559638,30.53966908989534,-25.22957734677607
2023-01-03,202301,6426.0,6420.8,-5.199999999999818,2.672727272727273,30.43162248764829,-25.086167942193747
2023-01-04,202301,6405.6,6413.0,7.399999999999636,2.6018018018018036,30.27461723805112,-25.07101363444751
2023-01-05,202301,6483.8,6491.0,7.199999999999818,2.6446428571428555,30.207443735827088,-24.918158021541377
2023-01-06,202301,6498.2,6502.2,4.0,2.684955752212386,30.137814323627175,-24.767902819202405
2023-01-09,202301,6528.6,6518.6,-10.0,2.696491228070172,30.02871707572671,-24.63573461958637
2023-01-10,202301,6535.0,6533.6,-1.3999999999996362,2.586086956521736,29.90100013732383,-24.72882622428036
2023-01-11,202301,6496.4,6495.6,-0.7999999999992724,2.5517241379310347,29.75768873662026,-24.65424046075819
2023-01-12,202301,6500.2,6495.8,-4.399999999999636,2.523076923076929,29.618608869486277,-24.57245502333242
2023-01-13,202301,6516.2,6537.0,20.800000000000185,2.4644067796610263,29.473990712431196,-24.545177153109144
2023-01-16,202301,6601.8,6594.599999999999,-7.200000000000728,2.618487394957994,29.72265514485611,-24.48568035494012
2023-01-17,202301,6610.2,6606.599999999999,-3.600000000000364,2.536666666666671,29.5861753788158,-24.512842045482454
2023-01-18,202301,6626.0,6619.4,-6.600000000000364,2.485950413223142,29.44561541837643,-24.473714591930147
2023-01-19,202302,6704.8,6715.6,10.800000000000182,2.411475409836064,29.30986636261994,-24.48691554294781
2023-01-20,202302,6764.4,6780.2,15.800000000000182,2.4796747967479673,29.31027830877151,-24.350928715275575
2023-01-30,202302,6800.2,6801.8,1.6000000000003638,2.58709677419355,29.41529414451832,-24.24110059613122
2023-01-31,202302,6820.0,6821.8,1.800000000000182,2.579200000000004,29.29958361710337,-24.14118361710336
2023-02-01,202302,6910.0,6920.6,10.600000000000364,2.573015873015879,29.186665456021,-24.04063370998924
2023-02-02,202302,6933.4,6928.8,-4.599999999999454,2.6362204724409533,29.182301034378053,-23.909860089496146
2023-02-03,202302,6914.0,6916.2,2.199999999999818,2.579687500000013,29.05197411565567,-23.89259911565565
2023-02-06,202302,6883.0,6894.8,11.800000000000182,2.5767441860465228,28.945505434300983,-23.79201706220794
2023-02-07,202302,6894.8,6914.2,19.399999999999636,2.64769230769232,28.963828959954583,-23.66844434456994
2023-02-08,202302,6870.0,6868.2,-1.800000000000182,2.7755725190839793,29.153233132717578,-23.602088094549615
2023-02-09,202302,7008.8,7018.6,9.800000000000182,2.740909090909099,29.029767840936795,-23.547949659118597
2023-02-10,202302,6968.6,6979.0,10.399999999999636,2.7939849624060247,29.011672253778308,-23.423702328966257
2023-02-13,202302,7032.4,7037.0,4.600000000000364,2.850746268656723,29.002722530829363,-23.30122999351591
2023-02-14,202302,7043.0,7050.4,7.399999999999636,2.863703703703713,28.919655066823463,-23.19224765941604
2023-02-15,202303,7025.6,7028.0,2.399999999999636,2.8970588235294183,28.86798206531089,-23.07386441825205
2023-02-16,202303,6933.4,6909.4,-24.0,2.8934306569343105,28.768835790216976,-22.981974476348356
2023-02-17,202303,6871.8,6856.0,-15.800000000000182,2.698550724637685,28.88277158747827,-23.485670138202902
2023-02-20,202303,6914.4,6918.6,4.200000000000728,2.565467625899283,28.842693255712817,-23.711758003914248
2023-02-21,202303,6928.0,6939.6,11.600000000000364,2.577142857142865,28.761133164332342,-23.60684745004662
2023-02-22,202303,6959.0,6966.0,7.0,2.64113475177306,28.77566659783006,-23.493397094283942
2023-02-23,202303,6923.6,6942.200000000001,18.600000000000364,2.6718309859155034,28.723796144469652,-23.38013417263865
2023-02-24,202303,6918.6,6923.8,5.199999999999818,2.783216783216796,28.879614311449423,-23.313180745015828
2023-02-27,202303,6865.0,6877.4,12.399999999999636,2.8000000000000114,28.80811062306955,-23.20811062306953
2023-02-28,202303,6921.4,6945.8,24.400000000000546,2.866206896551733,28.83285452908287,-23.1004407359794
2023-03-01,202303,6975.4,6980.0,4.600000000000364,3.013698630136999,29.13497155826836,-23.10757429799436
2023-03-02,202303,6955.0,6961.6,6.600000000000364,3.0244897959183823,29.057467741832717,-23.008488149995955
2023-03-03,202303,6942.2,6942.4,0.1999999999998181,3.048648648648666,28.999585994114568,-22.902288696817237
2023-03-06,202303,6962.0,6960.6,-1.3999999999996362,3.029530201342298,28.896858058362007,-22.837797655677413
2023-03-07,202303,6868.0,6848.0,-20.0,3.000000000000018,28.790524247087397,-22.79052424708736
2023-03-08,202303,6865.8,6874.8,9.0,2.847682119205316,28.82324842743269,-23.12788418902206
2023-03-09,202303,6878.0,6880.599999999999,2.5999999999994543,2.88815789473686,28.79679957061453,-23.02048378114081
2023-03-10,202303,6805.8,6802.0,-3.800000000000182,2.8862745098039357,28.709591786449153,-22.93704276684128
2023-03-13,202303,6815.6,6830.6,15.0,2.842857142857156,28.60419370079164,-22.91847941507733
2023-03-14,202303,6773.8,6771.6,-2.199999999999818,2.921290322580658,28.673011859755583,-22.83043121459427
2023-03-15,202303,6801.6,6803.0,1.3999999999996362,2.8884615384615526,28.570075009415213,-22.79315193249211
2023-03-16,202303,6707.2,6705.0,-2.199999999999818,2.878980891719757,28.479251641962108,-22.721289858522596
2023-03-17,202304,6722.2,6730.400000000001,8.200000000000728,2.846835443037987,28.378239069790375,-22.684568183714404
2023-03-20,202304,6718.0,6720.2,2.199999999999818,2.880503144654105,28.345142096653035,-22.584135807344826
2023-03-21,202304,6790.8,6794.8,4.0,2.8762500000000157,28.260913200172048,-22.508413200172015
2023-03-22,202304,6825.0,6828.8,3.800000000000182,2.883229813664612,28.18906151334259,-22.422601886013368
2023-03-23,202304,6844.0,6851.2,7.199999999999818,2.8888888888889057,28.116419940923528,-22.33864216314571
2023-03-24,202304,6850.8,6856.0,5.199999999999818,2.915337423312899,28.073951124567103,-22.243276277941305
2023-03-27,202304,6863.0,6861.8,-1.199999999999818,2.9292682926829414,28.013127406251023,-22.154590820885144
2023-03-28,202304,6822.6,6824.8,2.199999999999818,2.90424242424244,27.919772737163328,-22.111287888678447
2023-03-29,202304,6803.4,6806.6,3.2000000000007276,2.900000000000014,27.839850063946383,-22.039850063946357
2023-03-30,202304,6808.6,6819.4,10.799999999999272,2.9017964071856475,27.766456314675494,-21.96286350030421
2023-03-31,202304,6866.0,6872.0,6.0,2.9488095238095378,27.768851532538857,-21.871232484919783
2023-04-03,202304,6944.6,6944.8,0.1999999999998181,2.9668639053254577,27.71737830010983,-21.78365048945891
2023-04-04,202304,6935.4,6946.2,10.800000000000182,2.9505882352941306,27.631417075047437,-21.730240604459176
2023-04-06,202304,6954.4,6956.6,2.2000000000007276,2.996491228070189,27.63388886315142,-21.640906407011045
2023-04-07,202304,7025.2,7027.6,2.4000000000005457,2.991860465116297,27.557413585467632,-21.57369265523504
2023-04-10,202304,6968.0,6971.4,3.399999999999636,2.9884393063584027,27.482642169918385,-21.505763557201583
2023-04-11,202304,6967.0,6971.200000000001,4.200000000000728,2.9908045977011684,27.414192085006515,-21.43258288960418
2023-04-12,202304,7001.2,7001.0,-0.1999999999998181,2.9977142857143084,27.351504656388094,-21.356076084959476
2023-04-13,202304,6970.4,6966.8,-3.5999999999994543,2.9795454545454785,27.26843832522036,-21.3093474161294
2023-04-14,202304,7005.2,7004.400000000001,-0.7999999999992724,2.942372881355959,27.182353099708784,-21.29760733699687
2023-04-17,202304,7005.4,7010.6,5.200000000000728,2.921348314606772,27.09926646362126,-21.256569834407717
2023-04-18,202304,6985.8,6981.6,-4.199999999999818,2.9340782122905376,27.046391316000697,-21.17823489141962
2023-04-19,202304,6958.2,6957.4,-0.8000000000001819,2.89444444444448,26.962817463078817,-21.173928574189855
2023-04-20,202304,6947.6,6940.4,-7.200000000000728,2.874033149171305,26.881739298934164,-21.133673000591557
2023-04-21,202305,6778.8,6771.799999999999,-7.0000000000009095,2.8186813186813486,26.806512710542226,-21.169150073179527
2023-04-24,202305,6708.6,6728.2,19.599999999999454,2.7650273224043964,26.73087122936553,-21.200816584556737
2023-04-25,202305,6596.6,6615.8,19.199999999999815,2.8565217391304567,26.885344219899483,-21.17230074163857
2023-04-26,202305,6632.6,6635.8,3.199999999999818,2.9448648648648854,27.02850427892689,-21.138774549197116
2023-04-27,202305,6645.2,6651.4,6.199999999999818,2.9462365591398045,26.964725998147195,-21.072252879867584
2023-04-28,202305,6723.2,6740.400000000001,17.200000000000728,2.963636363636382,26.922199484639133,-20.99492675736637
2023-05-04,202305,6722.2,6727.0,4.800000000000182,3.0393617021276818,27.023843638635334,-20.945120234379974
2023-05-05,202305,6645.4,6655.4,10.0,3.0486772486772717,26.9706568905332,-20.873302393178655
2023-05-08,202305,6695.0,6692.8,-2.199999999999818,3.08526315789476,26.965182656860534,-20.79465634107101
2023-05-09,202305,6625.8,6613.4,-12.400000000000546,3.057591623036673,26.88686441806616,-20.771681171992817
2023-05-10,202305,6613.4,6627.2,13.800000000000182,2.977083333333354,26.848387127882624,-20.894220461215916
2023-05-11,202305,6620.2,6618.8,-1.3999999999996362,3.0331606217616796,26.89314620258513,-20.826824959061767
2023-05-12,202305,6546.0,6538.4,-7.600000000000364,3.010309278350539,26.81691322190482,-20.79629466520374
2023-05-15,202305,6566.0,6581.0,15.0,2.9558974358974575,26.749642051747816,-20.8378471799529
2023-05-16,202305,6513.2,6519.4,6.199999999999818,3.0173469387755314,26.812291896619804,-20.77759801906874
2023-05-17,202305,6544.0,6548.8,4.800000000000182,3.0335025380710863,26.772000884423463,-20.70499580828129
2023-05-18,202306,6546.8,6563.6,16.800000000000182,3.0424242424242633,26.721927099551294,-20.63707861470277
2023-05-19,202306,6586.6,6601.0,14.399999999999636,3.1115577889447454,26.811586948491076,-20.58847137060159
2023-05-22,202306,6571.6,6583.6,12.0,3.16800000000002,26.86224805632749,-20.52624805632745
2023-05-23,202306,6530.4,6528.8,-1.5999999999994543,3.2119402985074825,26.879695301161956,-20.45581470414699
2023-05-24,202306,6515.8,6507.8,-8.0,3.1881188118812105,26.80663397289249,-20.43039634913007
2023-05-25,202306,6451.8,6485.8,34.0,3.1330049261083968,26.745272616549627,-20.479262764332837
2023-05-26,202306,6536.2,6541.2,5.0,3.284313725490218,27.23164090192079,-20.663013450940355
2023-05-29,202306,6520.2,6532.6,12.400000000000546,3.2926829268292903,27.18244569635311,-20.59707984269453
2023-05-30,202306,6545.4,6565.6,20.200000000000728,3.3368932038835197,27.20208353406156,-20.52829712629452
2023-05-31,202306,6546.4,6558.0,11.600000000000364,3.4183574879227336,27.340679290339224,-20.503964314493757
2023-06-01,202306,6566.6,6570.799999999999,4.199999999998909,3.4576923076923376,27.349116472936895,-20.43373185755222
2023-06-02,202306,6616.8,6615.4,-1.4000000000005457,3.4612440191387805,27.295388916967152,-20.372900878689588
2023-06-05,202306,6615.6,6612.599999999999,-3.0000000000009095,3.4380952380952596,27.2246159830498,-20.34842550685928
2023-06-06,202306,6486.0,6473.4,-12.600000000000364,3.407582938388643,27.15395223171885,-20.338786354941565
2023-06-07,202306,6469.4,6472.4,3.0,3.3320754716981287,27.12393033935113,-20.45977939595487
2023-06-08,202306,6432.4,6439.4,7.0,3.330516431924898,27.066235730616448,-20.40520286676665
2023-06-09,202306,6481.4,6490.599999999999,9.199999999999818,3.3476635514018844,27.032913346870096,-20.33758624406633
2023-06-12,202306,6524.2,6516.2,-8.0,3.374883720930247,27.018208586382915,-20.268441144522424
2023-06-13,202306,6542.2,6540.2,-2.0,3.3222222222222366,26.961233468744016,-20.316789024299545
2023-06-14,202306,6568.2,6564.8,-3.399999999999636,3.2976958525345763,26.89299075699104,-20.297599051921885
2023-06-15,202306,6608.6,6605.799999999999,-2.8000000000010914,3.266972477064236,26.825313511438697,-20.291368557310225
2023-06-16,202307,6637.8,6634.2,-3.600000000000364,3.239269406392705,26.75781265962643,-20.279273846841026
2023-06-19,202307,6653.8,6653.4,-0.4000000000005457,3.2081818181818273,26.69108350532415,-20.274719868960496
2023-06-20,202307,6660.0,6655.8,-4.199999999999818,3.191855203619916,26.626353991582775,-20.242643584342943
2023-06-21,202307,6545.4,6535.0,-10.399999999999636,3.158558558558566,26.561021490681625,-20.243904373564497
2023-06-26,202307,6419.8,6431.6,11.800000000000182,3.097757847533641,26.51795736773839,-20.32244167267111
2023-06-27,202307,6484.0,6483.2,-0.8000000000001819,3.1366071428571525,26.533153521482227,-20.259939235767924
2023-06-28,202307,6454.8,6470.799999999999,15.99999999999909,3.11911111111112,26.46927470117071,-20.23105247894847
2023-06-29,202307,6497.4,6491.8,-5.599999999999454,3.1761061946902704,26.537259504672047,-20.185047115291507
2023-06-30,202307,6574.8,6576.4,1.5999999999994543,3.137444933920712,26.47595112253827,-20.20106125469685
2023-07-03,202307,6586.6,6587.0,0.3999999999996362,3.13070175438597,26.41863517397927,-20.157231665207327
2023-07-04,202307,6605.8,6612.4,6.599999999999454,3.1187772925764223,26.358387028120365,-20.12083244296752
2023-07-05,202307,6567.8,6567.6,-0.1999999999998181,3.1339130434782616,26.32726982396433,-20.059443737007804
2023-07-06,202307,6541.6,6539.6,-2.0,3.119480519480521,26.266519897322112,-20.02755885836107
2023-07-07,202307,6510.6,6516.6,6.0,3.09741379310345,26.20407723048108,-20.00924964427418
2023-07-10,202307,6511.0,6520.0,9.0,3.109871244635195,26.16981834514334,-19.950075855872953
2023-07-11,202307,6568.2,6573.4,5.199999999999818,3.135042735042737,26.15833478497995,-19.888249314894473
2023-07-12,202307,6492.8,6486.0,-6.800000000000182,3.1438297872340435,26.119453641822865,-19.831794067354775
2023-07-13,202307,6549.0,6547.2,-1.800000000000182,3.1016949152542375,26.06490298012114,-19.861513149612662
2023-07-14,202307,6549.4,6542.8,-6.599999999999454,3.081012658227847,26.00436488334206,-19.842339566886363
2023-07-17,202307,6504.0,6516.400000000001,12.400000000000546,3.040336134453783,25.949679675617936,-19.869007406710377
2023-07-18,202307,6516.8,6516.2,-0.6000000000003638,3.0794979079497944,25.972706155404563,-19.813710339504976
2023-07-19,202307,6491.0,6496.6,5.600000000000364,3.064166666666669,25.914368988847073,-19.786035655513736
2023-07-20,202308,6423.6,6418.599999999999,-5.0000000000009095,3.0746887966805017,25.879577015970973,-19.73019942260997
2023-07-21,202308,6408.0,6415.2,7.199999999999818,3.041322314049587,25.822513790640713,-19.739869162541535
2023-07-24,202308,6397.2,6396.8,-0.3999999999996362,3.0584362139917687,25.798770717212545,-19.681898289229007
2023-07-25,202308,6496.4,6494.400000000001,-1.9999999999990905,3.044262295081968,25.742077482344317,-19.653552892180382
2023-07-26,202308,6460.4,6467.4,7.0,3.0236734693877594,25.68409708105689,-19.63675014228137
2023-07-27,202308,6416.0,6420.599999999999,4.599999999999454,3.0398373983739884,25.659651574516175,-19.5799767777682
2023-07-28,202308,6475.8,6473.2,-2.600000000000364,3.046153846153848,25.620819063905422,-19.528511371597723
2023-07-31,202308,6518.6,6522.599999999999,3.9999999999990905,3.0233870967741945,25.56371689216187,-19.516942698613484
2023-08-01,202308,6509.0,6515.0,6.0,3.0273092369477883,25.52248947240332,-19.467870998507745
2023-08-02,202308,6486.0,6495.8,9.800000000000182,3.039199999999997,25.49231253456776,-19.413912534567764
2023-08-03,202308,6488.8,6496.0,7.199999999999818,3.066135458167329,25.49054435611411,-19.358273439779456
2023-08-04,202308,6541.2,6534.6,-6.599999999999454,3.0825396825396796,25.468293253547458,-19.303213888468097
2023-08-07,202308,6509.4,6517.0,7.600000000000364,2.973015873015872,25.27664197233602,-19.330610226304277
2023-08-08,202308,6482.0,6485.8,3.800000000000182,3.0349206349206392,25.302805321637585,-19.23296405179631
2023-08-09,202308,6433.4,6437.8,4.400000000000546,3.006349206349211,25.25165663622579,-19.23895822352737
2023-08-10,202308,6425.8,6426.2,0.3999999999996362,3.0095238095238153,25.255399793457283,-19.23635217440965
2023-08-11,202308,6319.2,6306.0,-13.199999999999818,3.008730158730162,25.2549656318952,-19.237505314434873
2023-08-14,202308,6310.2,6324.4,14.199999999999818,2.9555555555555597,25.292626460424056,-19.381515349312934
2023-08-15,202308,6255.0,6273.0,18.0,2.9865079365079414,25.36432639577172,-19.39131052275584
2023-08-16,202308,6204.4,6190.0,-14.399999999999636,3.20634920634921,25.073485071308188,-18.66078665860977
2023-08-17,202309,6255.2,6265.2,10.0,3.286507936507943,24.741292830613503,-18.16827695759762
2023-08-18,202309,6151.2,6138.2,-13.0,3.219047619047626,24.480429317702985,-18.042334079607738
2023-08-21,202309,6074.2,6062.2,-12.0,3.077777777777783,24.29504337566027,-18.13948782010471
2023-08-22,202309,6070.6,6088.8,18.199999999999815,3.034920634920643,24.33037315377254,-18.260531883931257
2023-08-23,202309,5985.2,5976.799999999999,-8.400000000000546,3.0944444444444525,24.475432470251864,-18.28654358136296
2023-08-24,202309,5993.0,5981.2,-11.800000000000182,3.0222222222222275,24.435177884812575,-18.390733440368116
2023-08-25,202309,5878.4,5891.4,13.0,2.9865079365079414,24.46837247419849,-18.495356601182607
2023-08-28,202309,5921.2,5909.6,-11.599999999999454,3.073015873015879,24.539838790771046,-18.393807044739287
2023-08-29,202309,6102.0,6104.8,2.800000000000182,3.014285714285719,24.56054783783914,-18.531976409267703
2023-08-30,202309,6139.6,6133.0,-6.600000000000364,3.013492063492069,24.559771034159414,-18.532786907175275
2023-08-31,202309,6106.2,6108.2,2.0,2.9738095238095297,24.554037726693835,-18.60641867907478
2023-09-01,202309,6097.6,6106.400000000001,8.800000000000182,2.9738095238095297,24.554037726693835,-18.60641867907478
2023-09-04,202309,6180.6,6196.8,16.199999999999818,3.0682539682539747,24.54063260525219,-18.40412466874424
2023-09-05,202309,6154.6,6164.200000000001,9.600000000000364,3.151587301587308,24.66429617955524,-18.361121576380626
2023-09-06,202309,6187.0,6180.0,-7.0,3.14126984126985,24.63903987058875,-18.35650018804905
2023-09-07,202309,6083.0,6075.799999999999,-7.200000000000728,3.143650793650804,24.636775735854897,-18.34947414855329
2023-09-08,202309,6092.0,6081.4,-10.600000000000364,2.985714285714295,24.19259453865604,-18.221165967227453
2023-09-11,202309,6167.6,6163.0,-4.600000000000364,2.915079365079374,24.184072826059943,-18.353914095901196
2023-09-12,202309,6175.2,6173.0,-2.199999999999818,2.895238095238104,24.18297441690063,-18.392498226424426
2023-09-13,202309,6070.8,6087.4,16.599999999999454,2.866666666666676,24.162383835175454,-18.429050501842102
2023-09-14,202309,6059.8,6036.4,-23.400000000000546,3.000000000000007,24.21678655858408,-18.216786558584065
2023-09-15,202310,6044.6,6073.0,28.399999999999636,2.885714285714289,24.35929615436821,-18.587867582939623
2023-09-18,202310,6089.2,6085.0,-4.199999999999818,2.9492063492063485,24.629384323391704,-18.73097162497901
2023-09-19,202310,6032.0,6039.8,7.800000000000182,2.8809523809523774,24.54234829283799,-18.780443530933237
2023-09-20,202310,5990.8,5992.0,1.199999999999818,2.857936507936507,24.48589323028581,-18.770020214412796
2023-09-21,202310,5946.4,5946.0,-0.3999999999996362,2.865079365079365,24.489638480742727,-18.759479750584
2023-09-22,202310,6052.2,6068.6,16.400000000000546,2.8698412698412725,24.490979957381136,-18.751297417698588
2023-09-25,202310,6026.6,6033.200000000001,6.600000000000364,2.9349206349206365,24.62000196208986,-18.750160692248585
2023-09-26,202310,6010.8,6014.0,3.199999999999818,2.944444444444448,24.633864716746913,-18.74497582785802
2023-09-27,202310,6059.4,6052.2,-7.199999999999818,2.9619047619047643,24.64500971506573,-18.721200191256195
2023-09-28,202310,6070.0,6078.4,8.399999999999636,2.838095238095241,24.394711802403982,-18.718521326213494
2023-10-09,202310,6058.2,6059.8,1.6000000000003638,2.8619047619047646,24.429829258782533,-18.706019734973005
2023-10-10,202310,6037.4,6038.2,0.8000000000001819,2.8325396825396867,24.387048801058096,-18.721969435978725
2023-10-11,202310,6041.8,6041.6,-0.1999999999998181,2.7722222222222235,24.2637328432511,-18.719288398806658
2023-10-12,202310,6089.8,6093.6,3.800000000000182,2.825396825396829,24.220320250630117,-18.569526599836458
2023-10-13,202310,6076.6,6081.599999999999,4.9999999999990905,2.8571428571428608,24.233936001698876,-18.519650287413153
2023-10-16,202310,6010.8,6017.0,6.199999999999818,2.9238095238095245,24.221673226363055,-18.374054178744007
2023-10-17,202310,5995.0,6004.8,9.800000000000182,2.992063492063492,24.220858537365693,-18.236731553238712
2023-10-18,202310,5908.8,5898.8,-10.0,2.9547619047619027,24.102063272804777,-18.19253946328097
2023-10-19,202311,5841.6,5834.8,-6.800000000000182,3.026190476190474,23.873068061705652,-17.8206871093247
2023-10-20,202311,5758.0,5772.2,14.199999999999818,2.939682539682537,23.767936096061625,-17.888571016696552
2023-10-23,202311,5603.8,5610.2,6.399999999999636,3.052380952380948,23.81542986966412,-17.710667964902225
2023-10-24,202311,5690.4,5684.6,-5.799999999999272,3.10873015873015,23.830534135657036,-17.613073818196735
2023-10-25,202311,5749.8,5740.6,-9.199999999999818,3.1111111111111076,23.828664878047043,-17.60644265582483
2023-10-26,202311,5774.4,5785.8,11.400000000000546,2.927777777777775,23.25498387350717,-17.399428317951624
2023-10-27,202311,5913.4,5907.4,-6.0,3.003968253968254,23.31361741665674,-17.305680908720234
2023-10-30,202311,5986.2,5976.6,-9.599999999999454,2.9682539682539684,23.30955927792214,-17.373051341414204
2023-10-31,202311,5937.2,5945.8,8.600000000000364,2.97539682539683,23.29769531992443,-17.346901669130773
2023-11-01,202311,5933.6,5940.4,6.799999999999272,3.0095238095238153,23.34063832437647,-17.321590705328838
2023-11-02,202311,5883.0,5880.8,-2.199999999999818,3.079365079365083,23.34076940270825,-17.182039243978085
2023-11-03,202311,5967.4,5962.0,-5.399999999999636,3.094444444444449,23.334356976821766,-17.14546808793287
2023-11-06,202311,6076.2,6086.8,10.600000000000364,3.019841269841277,23.245792330623612,-17.20610979094106
2023-11-07,202311,6107.0,6096.2,-10.800000000000182,2.9722222222222294,23.069137033931373,-17.124692589486916
2023-11-08,202311,6098.6,6112.0,13.399999999999636,2.942857142857148,23.09870298962136,-17.21298870390707
2023-11-09,202311,6070.4,6074.6,4.200000000000728,2.9309523809523825,23.05840229846877,-17.196497536564003
2023-11-10,202311,6065.2,6065.6,0.4000000000005457,3.0071428571428616,23.00696243515665,-16.992676720870925
2023-11-13,202311,6111.0,6123.8,12.800000000000182,3.0904761904761986,22.869050111271253,-16.688097730318855
2023-11-14,202311,6153.4,6166.0,12.600000000000364,3.0904761904761986,22.869050111271253,-16.688097730318855
2023-11-15,202312,6144.8,6157.0,12.199999999999818,2.989682539682549,22.307322301562703,-16.327957222197607
2023-11-16,202312,6101.0,6092.2,-8.800000000000182,3.0555555555555665,22.385206713813883,-16.274095602702747
2023-11-17,202312,6146.0,6154.0,8.0,3.0246031746031847,22.40524717622014,-16.356040827013768
2023-11-20,202312,6208.6,6215.8,7.199999999999818,3.038095238095247,22.427875388327298,-16.351684912136797
2023-11-21,202312,6168.8,6160.6,-8.199999999999818,3.0984126984127065,22.444816408024735,-16.247991011199325
2023-11-22,202312,6109.0,6096.8,-12.199999999999818,2.992063492063499,22.290840005926217,-16.30671302179922
2023-11-23,202312,6169.6,6178.6,9.0,2.9841269841269913,22.306321356030065,-16.338067387776082
2023-11-24,202312,6082.4,6086.0,3.600000000000364,3.0500000000000087,22.3404451711307,-16.240445171130684
2023-11-27,202312,6072.6,6082.8,10.199999999999818,3.218253968253979,21.768221389857903,-15.331713453349948
2023-11-28,202312,6094.0,6099.0,5.0,3.238095238095249,21.807261424008633,-15.331070947818136
2023-11-29,202312,6069.0,6076.6,7.600000000000364,3.2246031746031867,21.783645369080105,-15.334439019873733
2023-11-30,202312,6024.2,6036.0,11.800000000000182,3.271428571428584,21.814779001991734,-15.27192185913457
2023-12-01,202312,6090.2,6092.2,2.0,3.1992063492063667,21.464170673650756,-15.065757975238022
2023-12-04,202312,6069.0,6060.2,-8.800000000000182,3.2388888888889027,21.449510932120116,-14.971733154342312
2023-12-05,202312,5973.8,5952.6,-21.199999999999815,3.207142857142871,21.473846567117597,-15.059560852831856
2023-12-06,202312,5998.6,5994.6,-4.0,3.0539682539682698,21.489299840493047,-15.381363332556507
2023-12-07,202312,6023.4,6014.2,-9.199999999999818,3.004761904761922,21.448981368996545,-15.439457559472702
2023-12-08,202312,6009.0,6000.6,-8.399999999999636,2.9690476190476365,21.472945591694664,-15.534850353599392
2023-12-11,202312,6070.6,6072.799999999999,2.1999999999989086,2.9198412698412888,21.47859723586415,-15.638914696181573
2023-12-12,202312,6078.0,6082.0,4.0,2.885714285714299,21.417886621867225,-15.64645805043862
2023-12-13,202312,6033.0,6020.8,-12.199999999999818,2.907936507936523,21.43193585538982,-15.616062839516776
2023-12-14,202312,6004.6,5997.2,-7.400000000000546,2.819841269841289,21.41939179075696,-15.77970925107438
2023-12-15,202401,5897.2,5912.6,15.400000000000546,2.8222222222222397,21.416363250154255,-15.771918805709774
2023-12-18,202401,5824.8,5836.0,11.199999999999818,2.9134920634920807,21.52796791394247,-15.700983786958307
2023-12-19,202401,5823.2,5848.2,25.0,2.9285714285714466,21.56378817960494,-15.706645322462046
2023-12-20,202401,5751.6,5752.400000000001,0.8000000000001819,2.9888888888889062,21.81088538273005,-15.833107604952234
2023-12-21,202401,5773.2,5775.4,2.199999999999818,2.960317460317478,21.77362256595117,-15.852987645316214
2023-12-22,202401,5716.4,5726.6,10.200000000000728,2.942857142857162,21.750763059938254,-15.865048774223933
2023-12-25,202401,5713.0,5720.200000000001,7.200000000000728,2.9746031746031942,21.804467333119305,-15.85526098391292
2023-12-26,202401,5640.8,5642.8,2.0,3.0365079365079612,21.81870860055717,-15.745692727541243
2023-12-27,202401,5675.0,5675.599999999999,0.5999999999994543,3.0365079365079573,21.81870860055717,-15.745692727541252
2023-12-28,202401,5802.6,5805.6,3.0,2.989682539682556,21.73693973066689,-15.75757465130178
2023-12-29,202401,5888.0,5893.0,5.0,2.9992063492063643,21.744026549011647,-15.745613850598918
2024-01-02,202401,5850.4,5833.4,-17.0,2.915873015873031,21.435412178707832,-15.60366614696177
2024-01-03,202401,5798.2,5808.4,10.199999999999818,2.773015873015888,21.349605050395205,-15.80357330436343
2024-01-04,202401,5759.6,5767.6,8.0,2.832539682539698,21.407806266869994,-15.7427269017906
2024-01-05,202401,5664.6,5668.8,4.199999999999818,2.782539682539696,21.23315565800666,-15.668076292927267
2024-01-08,202401,5505.6,5485.0,-20.600000000000364,2.758730158730169,21.186377322123032,-15.668917004662694
2024-01-09,202401,5501.8,5508.4,6.599999999999454,2.6071428571428643,21.172460795843957,-15.958175081558228
2024-01-10,202401,5499.2,5484.2,-15.0,2.6468253968254003,21.203325728161968,-15.909674934511168
2024-01-11,202401,5591.2,5593.2,2.0,2.566666666666671,21.25293791236284,-16.1196045790295
2024-01-12,202401,5566.4,5556.400000000001,-9.99999999999909,2.5301587301587354,21.184613905981696,-16.124296445664225
2024-01-15,202401,5538.8,5530.8,-8.0,2.526190476190485,21.19091833441628,-16.138537382035306
2024-01-16,202401,5484.6,5514.400000000001,29.800000000000185,2.476190476190487,21.18606052748617,-16.233679575105192
2024-01-17,202401,5395.8,5349.6,-46.19999999999982,2.615079365079376,21.613516163182513,-16.383357433023765
2024-01-18,202402,5194.0,5275.0,81.0,2.402380952380965,22.361557843579728,-17.556795938817796
2024-01-19,202402,5236.8,5220.8,-16.0,2.6952380952381088,24.968654721758533,-19.57817853128232
2024-01-22,202402,4875.2,4821.2,-54.0,2.6158730158730297,25.01280525740244,-19.781059225656385
2024-01-23,202402,5024.8,4998.0,-26.800000000000185,2.441269841269855,25.894310417054847,-21.01177073451514
2024-01-24,202402,5048.4,5091.6,43.20000000000073,2.340476190476202,26.076429769729152,-21.395477388776747
2024-01-25,202402,5279.8,5303.2,23.399999999999636,2.515079365079377,26.79926099151152,-21.769102261352767
2024-01-26,202402,5230.8,5221.0,-9.800000000000182,2.6253968253968343,27.03567402238392,-21.784880371590255
2024-01-29,202402,5093.0,5070.4,-22.600000000000364,2.503968253968261,26.855535374444266,-21.84759886650774
2024-01-30,202402,4936.2,4907.8,-28.399999999999636,2.4428571428571515,26.968890841150856,-22.083176555436555
2024-01-31,202402,4752.0,4740.0,-12.0,2.344444444444456,27.16510869944217,-22.47621981055326
2024-02-01,202402,4709.2,4699.8,-9.399999999999636,2.323015873015886,27.18398273742513,-22.537950991393352
2024-02-02,202402,4481.0,4515.400000000001,34.400000000000546,2.2428571428571566,27.124312226060937,-22.63859794034662
2024-02-05,202402,4278.2,4170.4,-107.80000000000018,2.316666666666682,27.468511505659784,-22.835178172326422
2024-02-06,202403,4524.4,4562.599999999999,38.19999999999982,1.8825396825396956,30.606887857586756,-26.84180849250736
2024-02-07,202403,4727.4,4791.2,63.80000000000018,2.0269841269841384,31.11346775782133,-27.05949950385305
2024-02-08,202403,4970.0,4991.4,21.399999999999636,2.238095238095249,32.32936524202884,-27.853174765838347
2024-02-19,202403,4935.8,4962.2,26.399999999999636,2.3412698412698485,32.516558745546966,-27.834019063007272
2024-02-20,202403,4997.0,4989.6,-7.399999999999636,2.4373015873015937,32.764434158011724,-27.88983098340854
2024-02-21,202403,5073.8,5007.2,-66.60000000000036,2.3611111111111183,32.690253445231484,-27.968031223009245
2024-02-22,202403,5097.6,5124.400000000001,26.800000000000185,2.019841269841277,33.49283754791335,-29.4531550082308
2024-02-23,202403,5191.4,5213.4,22.0,2.133333333333342,33.75691624254748,-29.490249575880796
2024-02-26,202403,5227.8,5215.200000000001,-12.599999999999454,2.1817460317460395,33.88970525016238,-29.5262131866703
2024-02-27,202403,5349.4,5384.0,34.600000000000364,2.090476190476202,33.83582177719235,-29.654869396239945
2024-02-28,202403,5190.4,5119.0,-71.39999999999964,2.209523809523821,34.21658905118855,-29.797541432140903
2024-02-29,202403,5288.4,5338.0,49.60000000000037,1.8968253968254112,35.213166806789715,-31.419516013138892
2024-03-01,202403,5375.8,5387.6,11.800000000000182,2.0841269841270016,35.938197812910175,-31.76994384465617
2024-03-04,202403,5375.2,5382.2,7.0,2.226190476190494,35.940856121387824,-31.488475169006833
2024-03-05,202403,5320.6,5314.2,-6.400000000000546,2.3166666666666855,35.95935677327923,-31.326023439945864
2024-03-06,202403,5358.2,5343.6,-14.599999999999454,2.2746031746031883,35.934338885576224,-31.38513253636985
2024-03-07,202403,5298.6,5274.2,-24.400000000000546,2.170634920634935,35.87651597282802,-31.53524613155815
2024-03-08,202403,5347.0,5350.799999999999,3.799999999999272,2.0460317460317583,35.911993463598826,-31.81992997153531
2024-03-11,202403,5432.2,5461.6,29.400000000000546,1.9873015873015951,35.78924626486908,-31.81464309026589
2024-03-12,202403,5480.4,5489.8,9.400000000000546,2.083333333333344,36.058991364421175,-31.89232469775449
2024-03-13,202403,5524.2,5515.2,-9.0,2.071428571428586,36.034669606480186,-31.891812463623015
2024-03-14,202403,5465.8,5483.8,18.0,1.938888888888901,35.81276296379884,-31.93498518602103
2024-03-15,202404,5499.8,5531.599999999999,31.799999999999272,1.992063492063503,35.924732733729314,-31.94060574960231
2024-03-18,202404,5612.4,5640.2,27.800000000000185,2.0920634920634984,36.227193164013855,-32.043066179886864
2024-03-19,202404,5595.6,5582.799999999999,-12.800000000001091,2.2015873015873093,36.4891082599098,-32.08593365673518
2024-03-20,202404,5630.6,5629.2,-1.4000000000005457,2.1563492063492085,36.49299981702589,-32.180301404327466
2024-03-21,202404,5637.2,5629.8,-7.399999999999636,2.2301587301587302,36.45532614188913,-31.995008681571672
2024-03-22,202404,5581.8,5563.0,-18.800000000000185,2.1650793650793667,36.40091778980662,-32.07075905964789
2024-03-25,202404,5468.6,5437.599999999999,-31.00000000000091,2.080158730158733,36.41767745138689,-32.25735999106942
2024-03-26,202404,5415.6,5403.0,-12.600000000000364,1.9722222222222223,36.554101629730894,-32.60965718528645
2024-03-27,202404,5278.6,5223.0,-55.60000000000037,1.8626984126984112,36.453701863917146,-32.72830503852032
2024-03-28,202404,5351.4,5352.599999999999,1.199999999999818,1.6507936507936471,36.98795620286335,-33.68636890127606
2024-03-29,202404,5395.6,5413.8,18.199999999999815,1.649999999999997,36.98719415625212,-33.687194156252126
2024-04-01,202404,5532.4,5544.6,12.200000000000728,1.7309523809523766,37.1261460969091,-33.664241335004355
2024-04-02,202404,5495.8,5508.2,12.399999999999636,1.7468253968253924,37.157253883116745,-33.66360308946596
2024-04-03,202404,5464.2,5468.0,3.800000000000182,1.7873015873015825,37.22311963962157,-33.6485164650184
2024-04-08,202404,5361.4,5351.2,-10.199999999999818,1.7865079365079322,37.22213592737783,-33.649120054361966
2024-04-09,202404,5414.6,5434.8,20.199999999999815,1.7309523809523766,37.19778747483348,-33.735882712928735
2024-04-10,202404,5324.2,5332.0,7.800000000000182,1.7825396825396782,37.31907005383979,-33.75399068876043
2024-04-11,202404,5365.0,5352.0,-13.0,1.79285714285714,37.33488145656857,-33.74916717085429
2024-04-12,202404,5320.4,5309.400000000001,-10.99999999999909,1.7460317460317425,37.33495209354909,-33.84288860148561
2024-04-15,202404,5225.8,5263.6,37.80000000000018,1.6936507936507943,37.31872586116551,-33.93142427386392
2024-04-16,202404,5087.2,5058.8,-28.399999999999636,1.8309523809523796,37.74487305733447,-34.08296829542971
2024-04-17,202404,5259.0,5285.200000000001,26.200000000000728,1.6753968253968283,37.77241692298083,-34.42162327218717
2024-04-18,202406,5180.2,5173.2,-7.0,1.7555555555555613,37.98062935353264,-34.46951824242152
2024-04-19,202405,5188.6,5195.2,6.599999999999454,1.7269841269841335,37.968338970909286,-34.514370716941016
2024-04-22,202405,5197.2,5189.2,-8.0,1.710317460317464,37.9387765196042,-34.51814159896927
2024-04-23,202405,5156.6,5153.400000000001,-3.199999999999818,1.6698412698412706,37.91888924055749,-34.57920670087495
2024-04-24,202405,5257.4,5275.6,18.200000000000728,1.6476190476190469,37.90173513681954,-34.60649704158145
2024-04-25,202406,5212.0,5216.4,4.399999999999636,1.70634920634921,38.01976793745413,-34.60706952475571
2024-04-26,202406,5342.2,5354.599999999999,12.399999999999636,1.7071428571428564,38.020789199023035,-34.606503484737324
2024-04-29,202406,5508.6,5511.6,3.0,1.7571428571428542,38.09493329944692,-34.580647585161216
2024-04-30,202406,5457.4,5451.4,-6.0,1.7833333333333283,38.11513100303799,-34.548464336371325
2024-05-06,202406,5559.0,5561.599999999999,2.5999999999994543,1.7626984126984049,38.106293203418105,-34.58089637802129
2024-05-07,202406,5557.4,5565.8,8.400000000000546,1.7523809523809395,38.09353310505393,-34.58877120029205
2024-05-08,202406,5467.4,5464.8,-2.5999999999994543,1.8023809523809409,38.145315637636024,-34.54055373287414
2024-05-09,202406,5565.0,5567.0,2.0,1.7952380952380866,38.140934264815435,-34.55045807433927
2024-05-10,202406,5493.6,5503.8,10.199999999999818,1.831746031746026,38.15963441807402,-34.49614235458196
2024-05-13,202406,5433.8,5445.8,12.0,1.899999999999997,38.225882248275035,-34.42588224827504
2024-05-14,202406,5474.2,5476.2,2.0,1.8698412698412692,38.1492990451792,-34.409616505496665
2024-05-15,202406,5433.4,5422.8,-10.599999999999454,1.8015873015873016,38.014767391058946,-34.41159278788434
2024-05-16,202406,5427.8,5417.799999999999,-10.00000000000091,1.7468253968253995,37.993234744548026,-34.499583950897225
2024-05-17,202406,5491.8,5531.8,40.0,1.6825396825396826,37.9546856969087,-34.58960633182933
2024-05-20,202406,5540.2,5542.4,2.199999999999818,1.77301587301587,38.31335575065653,-34.76732400462478
2024-05-21,202406,5462.4,5478.2,15.800000000000182,1.7626984126984084,38.30107410522588,-34.77567727982907
2024-05-22,202406,5484.8,5481.8,-3.0,1.785714285714282,38.35222380833881,-34.780795236910244
2024-05-23,202406,5347.8,5360.0,12.199999999999818,1.7825396825396782,38.35057770993411,-34.78549834485475
2024-05-24,202406,5308.6,5298.4,-10.200000000000728,1.8801587301587273,38.42748564036234,-34.66716818004489
2024-05-27,202406,5317.2,5337.799999999999,20.599999999999454,1.7849206349206284,38.33258807340203,-34.762746803560766
2024-05-28,202406,5275.6,5279.0,3.399999999999636,1.872222222222212,38.49436420973953,-34.749919765295104
2024-05-29,202406,5275.4,5285.0,9.600000000000364,1.9158730158730055,38.51889174665756,-34.68714571491155
2024-05-30,202406,5286.0,5296.0,10.0,1.8944444444444355,38.47301614870683,-34.684127259817956
2024-05-31,202406,5319.8,5314.2,-5.600000000000364,1.9095238095238016,38.49835521953088,-34.67930760048327
2024-06-03,202406,5206.8,5227.8,21.0,1.868253968253958,38.46745192862696,-34.730943992119045
2024-06-04,202406,5258.0,5270.4,12.399999999999636,1.884920634920624,38.51523762350091,-34.74539635365966
2024-06-05,202406,5223.0,5212.400000000001,-10.599999999999454,1.876984126984116,38.49727687245427,-34.74330861848603
2024-06-06,202406,5099.0,5107.400000000001,8.400000000000546,1.7873015873015787,38.41872722790996,-34.84412405330681
2024-06-07,202406,5126.0,5120.2,-5.800000000000182,1.8269841269841185,38.465338729980814,-34.811370476012584
2024-06-11,202406,5169.4,5175.2,5.800000000000182,1.8357142857142763,38.46571278397975,-34.7942842125512
2024-06-12,202406,5189.2,5180.2,-9.0,1.7238095238095152,38.13081754908276,-34.68319850146373
2024-06-13,202406,5146.6,5151.6,5.0,1.6682539682539597,38.09790478559297,-34.76139684908505
2024-06-14,202406,5168.2,5173.0,4.800000000000182,1.638888888888878,38.04572220591239,-34.76794442813463
2024-06-17,202406,5175.8,5175.4,-0.4000000000005457,1.5777777777777648,37.911116228256894,-34.75556067270137
2024-06-18,202406,5217.4,5230.4,13.0,1.5301587301587136,37.84219525679229,-34.781877796474866
2024-06-19,202406,5161.8,5155.6,-6.199999999999818,1.5650793650793529,37.90434236028153,-34.77418363012282
2024-06-20,202407,5006.4,5008.0,1.6000000000003638,1.5460317460317363,37.89656641918126,-34.80450292711779
2024-06-21,202407,5006.4,4998.2,-8.199999999999818,1.56428571428571,37.9102722080657,-34.78170077949428
2024-06-24,202407,4853.4,4838.400000000001,-14.99999999999909,1.5817460317460297,37.90462656052991,-34.741134497037855
2024-06-25,202407,4793.4,4808.0,14.600000000000364,1.5103174603174618,37.892742440024875,-34.87210751938996
2024-06-26,202407,4941.6,4954.2,12.599999999999454,1.5404761904761934,37.95376283845247,-34.87281045750009
2024-06-27,202407,4832.4,4842.0,9.600000000000364,1.553968253968255,37.98116925291231,-34.873232744975795
2024-06-28,202407,4858.0,4855.4,-2.600000000000364,1.6238095238095267,38.04493581781125,-34.7973167701922
2024-07-01,202407,4904.0,4893.0,-11.0,1.6214285714285728,38.04358466840371,-34.80072752554656
2024-07-02,202407,4860.8,4865.0,4.199999999999818,1.5912698412698412,38.04269815613347,-34.86015847359379
2024-07-03,202407,4836.2,4835.2,-1.0,1.6190476190476226,38.06770573466478,-34.829610496569536
2024-07-04,202407,4724.8,4734.2,9.399999999999636,1.6293650793650845,38.07356194572054,-34.81483178699037
2024-07-05,202407,4783.6,4783.200000000001,-0.3999999999996362,1.668253968253974,38.12466707051637,-34.788159134008424
2024-07-08,202407,4656.6,4666.6,10.0,1.6833333333333398,38.133141644165626,-34.76647497749895
2024-07-09,202407,4776.0,4763.8,-12.199999999999818,1.7642857142857191,38.19693132885718,-34.66835990028574
2024-07-10,202407,4764.8,4759.4,-5.400000000000546,1.669047619047624,38.12180885787727,-34.78371361978202
2024-07-11,202407,4877.0,4880.8,3.800000000000182,1.6507936507936545,38.113125868813015,-34.81153856722571
2024-07-12,202407,4874.8,4866.8,-8.0,1.6023809523809602,38.02057144487895,-34.81580954011702
2024-07-15,202407,4805.0,4809.6,4.600000000000364,1.5928571428571483,38.01986589213601,-34.83415160642171
2024-07-16,202407,4813.8,4817.4,3.5999999999994543,1.6047619047619142,38.03374084386001,-34.82421703433618
2024-07-17,202407,4794.6,4791.4,-3.2000000000007276,1.617460317460326,38.04698364831387,-34.812063013393214
2024-07-18,202408,4749.0,4754.6,5.600000000000364,1.5785714285714365,38.00765754543954,-34.85051468829667
2024-07-19,202408,4764.0,4761.400000000001,-2.5999999999994543,1.6015873015873103,38.03348947341802,-34.830314870243406
2024-07-22,202408,4761.6,4768.0,6.399999999999636,1.59920634920636,38.03213218724253,-34.8337194888298
2024-07-23,202408,4657.8,4632.8,-25.0,1.6007936507936602,38.034524320849535,-34.83293701926221
2024-07-24,202408,4582.4,4577.0,-5.399999999999636,1.465873015873025,38.04110607641901,-35.10936004467297
2024-07-25,202408,4584.0,4579.8,-4.199999999999818,1.4238095238095354,38.0061768050847,-35.15855775746562
2024-07-26,202408,4657.0,4664.8,7.800000000000182,1.434126984126997,38.008645470594075,-35.14039150234008
2024-07-29,202408,4642.6,4638.8,-3.800000000000182,1.4722222222222368,38.05321037334309,-35.10876592889862
2024-07-30,202408,4656.8,4656.0,-0.8000000000001819,1.483333333333345,38.056175019535274,-35.08950835286859
2024-07-31,202408,4875.8,4887.0,11.199999999999818,1.4309523809523896,37.978806416510274,-35.11690165460549
2024-08-01,202408,4866.0,4860.0,-6.0,1.4777777777777872,38.04541320919057,-35.08985765363499
2024-08-02,202408,4797.6,4793.0,-4.600000000000364,1.4317460317460398,38.00774583301044,-35.144253769518365
2024-08-05,202408,4676.6,4673.2,-3.4000000000005457,1.4333333333333431,38.0082469051909,-35.14158023852421
2024-08-06,202408,4717.4,4730.0,12.600000000000364,1.39126984126985,37.96393086778224,-35.18139118524253
2024-08-07,202408,4725.2,4718.400000000001,-6.799999999999272,1.4428571428571515,38.04203575094307,-35.15632146522877
2024-08-08,202408,4738.0,4732.8,-5.199999999999818,1.423809523809532,38.03517804597021,-35.18755899835115
2024-08-09,202408,4695.6,4689.2,-6.400000000000546,1.375396825396834,37.9894183618628,-35.238624711069136
2024-08-12,202408,4665.8,4676.0,10.199999999999818,1.3317460317460403,37.956555516965594,-35.29306345347351
2024-08-13,202408,4666.8,4693.6,26.800000000000185,1.3825396825396918,38.02095228028914,-35.25587291520975
2024-08-14,202409,4605.2,4597.8,-7.399999999999636,1.4730158730158869,38.24973129105225,-35.30369954502047
2024-08-15,202409,4638.0,4641.8,3.800000000000182,1.419841269841285,38.20901792037157,-35.369335380689
2024-08-16,202409,4614.6,4611.2,-3.4000000000005457,1.3960317460317613,38.17119139272511,-35.379127900661594
2024-08-19,202409,4623.4,4626.2,2.800000000000182,1.3539682539682676,38.12671626824992,-35.418779760313384
2024-08-20,202409,4532.0,4541.8,9.800000000000182,1.3912698412698536,38.150683800687915,-35.36814411814821
2024-08-21,202409,4520.2,4521.8,1.6000000000003638,1.4000000000000117,38.16637993095185,-35.36637993095182
2024-08-22,202409,4467.8,4476.8,9.0,1.3912698412698536,38.15640593201938,-35.373866249479676
2024-08-23,202409,4471.0,4478.8,7.800000000000182,1.4095238095238196,38.18522537161756,-35.366177752569925
2024-08-26,202409,4484.8,4491.8,7.0,1.438888888888901,38.223169891874434,-35.345392114096626
2024-08-27,202409,4443.2,4447.200000000001,4.0000000000009095,1.5190476190476303,38.26323458839979,-35.225139350304524
2024-08-28,202409,4454.6,4452.8,-1.800000000000182,1.4785714285714444,38.189116671638345,-35.23197381449546
2024-08-29,202409,4537.0,4528.799999999999,-8.200000000000728,1.4000000000000152,38.05324974857593,-35.253249748575904
2024-08-30,202409,4641.8,4620.0,-21.800000000000185,1.4246031746031855,38.04356881791352,-35.19436246870715
2024-09-02,202409,4528.0,4516.6,-11.399999999999636,1.2984126984127085,38.017733440743505,-35.42090804391808
2024-09-03,202409,4547.2,4548.8,1.6000000000003638,1.3047619047619163,38.014705906584744,-35.40518209706091
2024-09-04,202409,4532.4,4538.8,6.400000000000546,1.3587301587301717,38.03009089032551,-35.312630572865174
2024-09-05,202409,4571.0,4577.4,6.399999999999636,1.311904761904778,37.92699630700421,-35.303186783194654
2024-09-06,202409,4494.4,4496.4,2.0,1.3706349206349373,37.9706420393535,-35.22937219808363
2024-09-09,202409,4456.2,4458.4,2.199999999999818,1.4253968253968428,37.98754115220009,-35.1367475014064
2024-09-10,202409,4471.8,4472.6,0.8000000000001819,1.3825396825396992,37.915505350163386,-35.150425985083984
2024-09-11,202409,4464.6,4474.8,10.199999999999818,1.4317460317460469,37.92787277744594,-35.06438071395385
2024-09-12,202409,4475.0,4468.0,-7.0,1.4611111111111248,37.973563582566776,-35.05134136034453
2024-09-13,202409,4424.6,4418.8,-5.800000000000182,1.4595238095238248,37.97341837447703,-35.05437075542938
2024-09-18,202409,4399.6,4402.4,2.7999999999992724,1.428571428571443,37.95384822684736,-35.09670536970447
2024-09-19,202409,4484.8,4491.0,6.199999999999818,1.4047619047619155,37.91856201073172,-35.109038201207895
2024-09-20,202410,4412.8,4427.4,14.599999999999454,1.365079365079376,37.8360169185683,-35.10585818840955
2024-09-23,202410,4436.6,4439.400000000001,2.800000000000182,1.3849206349206422,37.87928251969815,-35.10944124985687
2024-09-24,202410,4624.4,4653.4,29.0,1.423809523809532,37.90317161870258,-35.05555257108352
2024-09-25,202410,4690.6,4679.2,-11.400000000000546,1.5674603174603283,38.19524311825308,-35.06032248333242
2024-09-26,202410,4875.2,4931.0,55.80000000000018,1.5642857142857245,38.19644204765402,-35.06787061908257
2024-09-27,202410,5285.0,5345.6,60.60000000000037,1.8039682539682664,39.059240568728704,-35.451304060792175
2024-09-30,202410,5801.2,6029.8,228.60000000000036,2.0531746031746163,40.03398071407427,-35.92763150772503
2024-10-08,202410,6174.4,6221.6,47.20000000000073,2.8944444444444613,50.373186548133056,-44.584297659244136
2024-10-09,202410,5853.4,5713.799999999999,-139.60000000000036,3.174603174603196,50.862966946159226,-44.51376059695283
2024-10-10,202410,5699.8,5654.4,-45.400000000000546,2.5079365079365297,53.37156390183264,-48.35569088595958
2024-10-11,202410,5401.2,5422.8,21.600000000000364,2.344444444444463,53.5583155457666,-48.86942665687767
2024-10-14,202410,5590.8,5619.4,28.599999999999454,2.3992063492063687,53.66598921451688,-48.86757651610415
2024-10-15,202410,5539.0,5499.0,-40.0,2.507936507936526,53.88061967446818,-48.86474665859512
2024-10-16,202410,5510.4,5523.2,12.800000000000182,2.3507936507936673,54.00071388711792,-49.29912658553058
2024-10-17,202412,5468.4,5439.4,-29.0,2.3365079365079517,53.97281255075102,-49.29979667773512
2024-10-18,202412,5829.0,5736.4,-92.60000000000036,2.1952380952381088,53.97928158289669,-49.58880539242047
2024-10-21,202412,5826.6,5833.6,7.0,1.8150793650793784,54.958245049284365,-51.32808631912561
2024-10-22,202412,5835.6,5861.2,25.599999999999454,1.8714285714285837,55.006318825593546,-51.263461682736384
2024-10-23,202412,5868.6,5862.400000000001,-6.199999999999818,1.9396825396825512,55.15238257467054,-51.27301749530544
2024-10-24,202412,5822.6,5835.2,12.599999999999454,1.9087301587301695,55.13129686002084,-51.313836542560495
2024-10-25,202412,5948.0,5983.0,35.0,1.9555555555555637,55.194965548997175,-51.28385443788605
2024-10-28,202412,6030.6,6045.2,14.599999999999454,2.0952380952381024,55.49639663732307,-51.30592044684687
2024-10-29,202412,5953.2,5952.0,-1.199999999999818,2.1380952380952425,55.56207843524038,-51.2858879590499
2024-10-30,202412,5948.8,5977.8,29.0,2.113492063492072,55.53789285220684,-51.31090872522269
2024-10-31,202412,6085.2,6068.2,-17.0,2.2039682539682635,55.73328420181661,-51.32534769388008
2024-11-01,202412,5899.0,5894.8,-4.199999999999818,2.097619047619056,55.672798912484275,-51.477560817246165
2024-11-04,202412,5991.4,6024.2,32.80000000000018,2.12063492063493,55.67992443423666,-51.438654592966806
2024-11-05,202412,6251.0,6257.6,6.600000000000364,2.277777777777789,55.96417950083077,-51.408623945275195
2024-11-06,202412,6266.4,6267.0,0.6000000000003638,2.2476190476190605,55.91566002781752,-51.4204219325794
2024-11-07,202412,6361.4,6392.6,31.200000000000728,2.2246031746031907,55.89046736635271,-51.44126101714633
2024-11-08,202412,6384.2,6397.4,13.199999999999818,2.371428571428587,56.15146074998846,-51.40860360713128
2024-11-11,202412,6492.4,6508.4,16.0,2.4603174603174747,56.23758915561368,-51.31695423497872
2024-11-12,202412,6393.0,6411.400000000001,18.400000000000546,2.4785714285714406,56.27114993677457,-51.314007079631686
2024-11-13,202412,6403.4,6408.200000000001,4.800000000001091,2.57539682539684,56.39451951886995,-51.24372586807628
2024-11-14,202412,6243.2,6239.4,-3.800000000000182,2.632539682539699,56.430321472235256,-51.165242107155855
2024-11-15,202412,6140.8,6113.0,-27.800000000000185,2.5833333333333477,56.38187890824746,-51.21521224158076
2024-11-18,202412,5938.4,5951.400000000001,13.00000000000091,2.4460317460317627,56.37780301953216,-51.48573952746863
2024-11-19,202412,6055.8,6092.0,36.19999999999982,2.506349206349226,56.4512509835268,-51.43855257082834
2024-11-20,202412,6173.8,6191.8,18.0,2.6714285714285886,56.77354159888162,-51.43068445602444
2024-11-21,202412,6166.0,6186.599999999999,20.599999999999454,2.7007936507936665,56.82821596218799,-51.42662866060066
2024-11-22,202412,6009.0,5956.2,-52.80000000000018,2.82539682539684,56.972570837997814,-51.32177718720414
2024-11-25,202412,5937.4,5989.8,52.400000000000546,2.562698412698428,57.1444444623985,-52.01904763700164
2024-11-26,202412,5921.0,5911.0,-10.0,2.7539682539682686,57.69538377949108,-52.18744727155455
2024-11-27,202412,6028.8,6090.6,61.80000000000018,2.712698412698425,57.67683440028435,-52.251437574887504
2024-11-28,202412,6052.0,6038.8,-13.199999999999818,2.9071428571428695,58.35911513377391,-52.54482941948817
2024-11-29,202412,6163.8,6154.0,-9.800000000000182,2.804761904761916,58.280129438105995,-52.67060562858216
2024-12-02,202412,6267.0,6269.2,2.199999999999818,2.717460317460329,58.20269300695383,-52.76777237203317
2024-12-03,202412,6287.8,6268.6,-19.199999999999815,2.7611111111111226,58.22726013438791,-52.70503791216567
2024-12-04,202412,6159.2,6171.8,12.600000000000364,2.6531746031746155,58.184205727171566,-52.87785652082234
2024-12-05,202412,6243.0,6253.4,10.399999999999636,2.674603174603189,58.21684688172229,-52.86764053251591
2024-12-06,202412,6334.8,6327.0,-7.800000000000182,2.748412698412711,58.28205554569698,-52.78523014887156
2024-12-09,202412,6261.8,6270.0,8.199999999999818,2.765873015873027,58.28340572738234,-52.751659695636285
2024-12-10,202412,6366.2,6351.6,-14.599999999999454,2.762698412698423,58.27889099904344,-52.7534941736466
2024-12-11,202412,6432.0,6431.400000000001,-0.5999999999994543,2.6904761904762013,58.24963129045981,-52.8686789095074
2024-12-12,202412,6479.2,6483.2,4.0,2.6476190476190613,58.200172475642326,-52.90493438040421
2024-12-13,202412,6366.4,6354.2,-12.199999999999818,2.6436507936508074,58.19567226095583,-52.90837067365422
2024-12-16,202412,6259.8,6274.8,15.0,2.565079365079378,58.14495085391746,-53.0147921237587
2024-12-17,202412,6152.0,6149.6,-2.399999999999636,2.57777777777779,58.16758388211704,-53.012028326561456
2024-12-18,202412,6194.6,6189.0,-5.600000000000364,2.560317460317474,58.1536162588996,-53.032981338264655
2024-12-19,202412,6207.2,6215.6,8.400000000000546,2.573015873015886,58.15735493655498,-53.011323190523214
2024-12-20,202503,6141.8,6155.4,13.599999999999454,2.690476190476205,58.198114966017606,-52.8171625850652
2024-12-23,202503,5998.8,6005.8,7.0,2.7603174603174727,58.27843814084911,-52.75780322021416
2024-12-24,202503,6032.4,6057.4,25.0,2.8246031746031863,58.3246203972872,-52.67541404808083
2024-12-25,202503,5988.0,6010.2,22.199999999999815,2.957142857142867,58.509011895646395,-52.594726181360656
2024-12-26,202503,6059.4,6059.4,0.0,3.03650793650795,58.641154497340814,-52.56813862432491
2024-12-27,202503,6076.2,6073.0,-3.199999999999818,3.0206349206349343,58.62646062053394,-52.585190779264074
2024-12-30,202503,6052.4,6059.0,6.600000000000364,3.05634920634922,58.63446978909557,-52.52177137639713
2024-12-31,202503,5881.4,5870.8,-10.599999999999454,3.1119047619047793,58.676037233331314,-52.45222770952175
2025-01-02,202503,5699.0,5702.400000000001,3.4000000000005457,3.008730158730176,58.57778640991945,-52.5603260924591
2025-01-03,202503,5566.8,5556.200000000001,-10.599999999999454,2.977777777777798,58.537199405100864,-52.58164384954527
2025-01-06,202503,5522.4,5532.8,10.400000000000546,2.836507936507959,58.35207685606344,-52.67906098304753
2025-01-07,202503,5585.4,5605.799999999999,20.399999999999636,2.8746031746031986,58.397734632200816,-52.64852828299441
2025-01-08,202503,5586.2,5576.6,-9.599999999999454,2.94682539682542,58.51376323796376,-52.62011244431292
2025-01-09,202503,5572.6,5567.6,-5.0,2.8682539682539905,58.44999679774879,-52.71348886124081
2025-01-10,202503,5485.6,5468.0,-17.600000000000364,2.819841269841289,58.40768436075846,-52.76800182107588
2025-01-13,202503,5470.2,5482.8,12.600000000000364,2.7420634920635103,58.38932967019094,-52.90520268606392
2025-01-14,202503,5729.6,5749.4,19.799999999999272,2.7896825396825613,58.450123358142186,-52.87075827877707
2025-01-15,202503,5701.8,5712.0,10.199999999999818,2.856349206349225,58.55803040455997,-52.84533199186153
2025-01-16,202503,5721.8,5726.8,5.0,2.876984126984145,58.58570675655917,-52.83173850259087
2025-01-17,202503,5788.8,5789.2,0.3999999999996362,2.964285714285732,58.61683884943874,-52.68826742086728
2025-01-20,202503,5818.8,5818.4,-0.4000000000005457,2.9253968253968425,58.57134039026237,-52.72054673946868
2025-01-21,202503,5829.6,5846.8,17.199999999999818,2.892063492063507,58.53586293428615,-52.75173595015914
2025-01-22,202503,5794.8,5809.799999999999,14.99999999999909,2.943650793650809,58.61641693564101,-52.72911534833939
2025-01-23,202503,5789.2,5783.2,-6.0,3.084920634920648,58.69840501232892,-52.52856374248762
2025-01-24,202503,5906.2,5917.799999999999,11.599999999999454,3.03492063492065,58.65836902793291,-52.58852775809161
2025-01-27,202503,5826.2,5806.0,-20.199999999999815,3.1404761904762033,58.727425724084554,-52.446473343132155
2025-02-05,202503,5825.4,5833.400000000001,8.00000000000091,3.052380952380966,58.71690090912553,-52.6121390043636
2025-02-06,202503,5985.4,6002.599999999999,17.199999999999818,3.1238095238095376,58.767258559642286,-52.51963951202322
2025-02-07,202503,6067.8,6101.6,33.80000000000018,3.223809523809537,58.87755080515814,-52.429931757539066
2025-02-10,202503,6152.4,6150.0,-2.399999999999636,3.2396825396825526,58.92613588740327,-52.44677080803816
2025-02-11,202503,6134.0,6141.8,7.800000000000182,3.413492063492077,58.75257346452836,-51.9255893375442
2025-02-12,202503,6207.4,6225.4,18.0,3.1230158730158872,57.588149499979366,-51.34211775394759
2025-02-13,202503,6179.6,6165.0,-14.600000000000364,3.2579365079365226,57.70127437291538,-51.18540135704234
2025-02-14,202503,6198.4,6209.6,11.200000000000728,3.4142857142857275,57.421826662064205,-50.593255233492755
2025-02-17,202503,6203.8,6214.6,10.800000000000182,3.5650793650793817,57.4458822497491,-50.31572351959033
2025-02-18,202503,6102.2,6103.8,1.6000000000003638,3.436507936507951,57.09164757840799,-50.21863170539209
2025-02-19,202503,6229.6,6239.4,9.799999999999272,3.3500000000000174,56.94614215765239,-50.24614215765236
2025-02-20,202503,6267.6,6255.4,-12.200000000000728,3.427777777777793,57.00416633882143,-50.148610783265845
2025-02-21,202503,6403.2,6401.8,-1.3999999999996362,3.469047619047633,56.980903336575665,-50.04280809848039
2025-02-24,202503,6356.0,6365.8,9.800000000000182,3.5761904761904897,56.93970773647025,-49.78732678408927
2025-02-25,202503,6358.6,6353.8,-4.800000000000182,3.662698412698427,56.995482013545896,-49.670085188149045
2025-02-26,202503,6412.8,6421.0,8.199999999999818,3.680952380952393,56.99892787795038,-49.6370231160456
2025-02-27,202503,6391.0,6411.6,20.600000000000364,3.5769841269841365,56.75639878672618,-49.60243053275791
2025-02-28,202503,6230.0,6234.0,4.0,4.086507936507948,55.40842362476057,-47.235407751744674
2025-03-03,202503,6222.8,6219.400000000001,-3.399999999999636,3.950793650793663,55.090989961967026,-47.1894026603797
2025-03-04,202503,6289.8,6283.0,-6.800000000000182,3.684126984126997,54.26883508206488,-46.90058111381089
2025-03-05,202503,6306.6,6310.6,4.0,3.5722222222222357,54.124298728854214,-46.97985428440974
2025-03-06,202503,6483.0,6476.8,-6.199999999999818,3.4833333333333485,53.95291945711674,-46.986252790450045
2025-03-07,202503,6443.6,6450.8,7.199999999999818,3.4880952380952523,53.95378383608,-46.97759335988949
2025-03-10,202503,6429.0,6428.0,-1.0,3.780952380952396,53.46371147240295,-45.90180671049816
2025-03-11,202503,6466.8,6487.6,20.800000000000185,3.670634920634935,53.27151890877566,-45.9302490675058
2025-03-12,202503,6528.6,6513.0,-15.600000000000364,3.665873015873031,53.25992009919329,-45.92817406744722
2025-03-13,202503,6404.0,6428.4,24.399999999999636,3.6539682539682654,53.26513298374024,-45.95719647580371
2025-03-14,202503,6552.8,6562.400000000001,9.600000000000364,3.613492063492072,53.13983406271972,-45.91284993573557
2025-03-17,202503,6553.0,6548.6,-4.399999999999636,3.934920634920643,52.54912718875817,-44.67928591891688
2025-03-18,202503,6581.6,6580.799999999999,-0.8000000000010914,3.720634920634929,52.00139626003973,-44.56012641876987
2025-03-19,202503,6537.2,6547.6,10.400000000000546,3.670634920634924,51.94389142978936,-44.60262158851951
2025-03-20,202503,6537.6,6528.8,-8.800000000000182,3.6841269841269897,51.96302069365325,-44.59476672539927
2025-03-21,202506,6171.8,6189.799999999999,17.99999999999909,3.674603174603182,51.96243168073649,-44.61322533153013
2025-03-24,202506,6108.0,6152.4,44.39999999999963,3.803968253968256,52.069851386979614,-44.4619148790431
2025-03-25,202506,6103.6,6125.4,21.799999999999272,4.076984126984129,52.48032050205277,-44.32635224808451
2025-03-26,202506,6142.6,6139.0,-3.600000000000364,4.1484126984127005,52.60320525965136,-44.30637986282596
2025-03-27,202506,6148.0,6148.6,0.6000000000003638,4.017460317460316,52.37646359504714,-44.34154296012652
2025-03-28,202506,6095.2,6087.6,-7.599999999999454,3.98253968253968,52.338642915885565,-44.3735635508062
2025-03-31,202506,6040.8,6048.6,7.800000000000182,3.988095238095238,52.33852988401791,-44.36233940782743
2025-04-01,202506,6070.0,6071.799999999999,1.7999999999992724,3.947619047619048,52.26801530391443,-44.37277720867633
2025-04-02,202506,6098.6,6101.0,2.399999999999636,3.828571428571429,52.02104646328563,-44.36390360614278
2025-04-03,202506,6036.2,6043.4,7.199999999999818,3.727777777777777,51.8250639086633,-44.369508353107754
2025-04-07,202506,5432.6,5333.200000000001,-99.39999999999964,3.807142857142859,51.86088885335681,-44.2466031390711
2025-04-08,202506,5270.4,5334.8,64.40000000000055,3.418253968253974,53.196477023579696,-46.359969087071754
2025-04-09,202506,5451.0,5446.0,-5.0,3.7031746031746096,54.051399046017686,-46.64504983966847
2025-04-10,202506,5598.0,5593.2,-4.800000000000182,3.757936507936515,54.037840555454785,-46.52196753958176
2025-04-11,202506,5685.4,5676.0,-9.399999999999636,3.861904761904772,53.9612028597012,-46.23739333589165
2025-04-14,202506,5702.0,5704.8,2.800000000000182,3.874603174603187,53.95876460772743,-46.20955825852106
2025-04-15,202506,5673.2,5684.2,11.0,4.106349206349221,53.62256649283904,-45.4098680801406
2025-04-16,202506,5594.4,5615.0,20.600000000000364,4.145238095238111,53.667681682927245,-45.37720549245102
2025-04-17,202506,5672.6,5665.599999999999,-7.0000000000009095,4.154761904761923,53.688981922446615,-45.37945811292276
2025-04-18,202506,5670.4,5651.4,-19.0,4.07857142857144,53.62215910902141,-45.46501625187854
2025-04-21,202506,5770.0,5776.0,6.0,3.953968253968267,53.57139643992718,-45.66345993199064
2025-04-22,202506,5782.6,5777.2,-5.400000000000546,3.962698412698425,53.580791977498514,-45.65539515210167
2025-04-23,202506,5821.6,5822.2,0.5999999999994543,3.981746031746041,53.58168756103726,-45.61819549754518
2025-04-24,202506,5761.6,5771.2,9.599999999999454,3.903968253968262,53.46322989948261,-45.655293391546095
2025-04-25,202506,5785.0,5787.4,2.399999999999636,3.911111111111116,53.473146589681946,-45.65092436745971
2025-04-28,202506,5733.2,5734.4,1.199999999999818,3.972222222222226,53.48847422134605,-45.5440297769016
2025-04-29,202506,5769.0,5766.0,-3.0,4.02063492063492,53.5019433475556,-45.46067350628576
2025-04-30,202506,5814.0,5808.8,-5.199999999999818,3.8587301587301575,53.16284873178002,-45.445388414319694
2025-05-06,202506,5947.8,5955.8,8.0,3.9507936507936487,53.09940637718311,-45.19781907559581
2025-05-07,202506,5945.0,5965.400000000001,20.400000000000546,3.878571428571424,52.94931218290202,-45.19216932575917
2025-05-08,202506,6015.6,6015.2,-0.4000000000005457,3.987301587301584,53.08265873507482,-45.10805556047165
2025-05-09,202506,5944.0,5948.4,4.399999999999636,3.9595238095238066,53.05686547332384,-45.13781785427622
2025-05-12,202506,6022.2,6034.2,12.0,4.008730158730154,53.082786042211,-45.06532572475069
2025-05-13,202506,5997.0,6001.2,4.199999999999818,4.069047619047614,53.14488592590471,-45.00679068780948
2025-05-14,202506,6026.0,6041.799999999999,15.799999999999272,4.013492063492055,53.056774699799895,-45.02979057281579
2025-05-15,202506,5943.0,5947.799999999999,4.799999999999272,4.058730158730149,53.12447039810156,-45.00701008064126
2025-05-16,202506,5948.8,5939.599999999999,-9.200000000000728,4.028571428571417,53.083063331637376,-45.02592047449454
2025-05-19,202506,5966.6,5978.6,12.0,3.980158730158715,53.06279995919555,-45.102482498878125
2025-05-20,202506,6011.6,6018.2,6.599999999999454,4.051587301587287,53.12829112741128,-45.0251165242367
2025-05-21,202506,5998.6,6002.8,4.199999999999818,4.067460317460303,53.14486615496055,-45.00994552003995
2025-05-22,202506,5949.2,5951.0,1.800000000000182,4.050793650793634,53.12514326746332,-45.02355596587605
2025-05-23,202506,5896.2,5875.4,-20.800000000000185,4.068253968253949,53.13623121354262,-44.999723277034725
2025-05-26,202506,5921.2,5923.2,2.0,3.9777777777777583,53.14505150396917,-45.18949594841365
2025-05-27,202506,5918.0,5922.0,4.0,3.945238095238076,53.106827786455,-45.21635159597885
2025-05-28,202506,5892.6,5900.2,7.599999999999454,3.9134920634920447,53.06452430240997,-45.237540175425885
2025-05-29,202506,6019.0,6028.0,9.0,3.9357142857142646,53.08833594801987,-45.216907376591344
2025-05-30,202506,5957.4,5966.4,9.0,4.01349206349204,53.1357631425849,-45.108779015600824
2025-06-03,202506,6004.8,5999.8,-5.0,4.088888888888869,53.1830984920183,-45.00532071424057
2025-06-04,202506,6051.8,6052.8,1.0,3.9103174603174407,52.80692570264081,-44.98629078200592
2025-06-05,202506,6100.8,6102.8,2.0,3.905555555555537,52.80306642552161,-44.99195531441053
2025-06-06,202506,6094.2,6100.400000000001,6.200000000000728,3.8507936507936313,52.725713255788854,-45.02412595420159
2025-06-09,202506,6169.0,6172.0,3.0,3.887301587301571,52.75541409597777,-44.980810921374626
2025-06-10,202506,6105.6,6113.400000000001,7.800000000000182,3.850793650793635,52.70771131702536,-45.00612401543809
2025-06-11,202506,6152.0,6144.8,-7.199999999999818,3.92222222222221,52.749266448729585,-44.904822004285165
2025-06-12,202506,6152.8,6154.8,2.0,3.811904761904752,52.61323781889081,-44.98942829508131
2025-06-13,202506,6083.6,6084.4,0.7999999999992724,3.8063492063491986,52.60818932600112,-44.99549091330273
2025-06-16,202506,6128.8,6130.599999999999,1.7999999999992724,3.7714285714285594,52.5692134936785,-45.02635635082138
2025-06-17,202506,6118.0,6127.4,9.399999999999636,3.738888888888874,52.53092972779341,-45.05315195001567
2025-06-18,202506,6121.2,6122.599999999999,1.3999999999996362,3.798412698412683,52.581297713137246,-44.98447231631188
2025-06-19,202506,6046.6,6050.8,4.199999999999818,3.720634920634904,52.45585622915722,-45.01458638788742
2025-06-20,202509,5792.8,5811.6,18.800000000000185,3.6880952380952223,52.4109923784382,-45.03480190224776
2025-06-23,202509,5856.2,5862.0,5.800000000000182,3.8047619047618872,52.53105891663709,-44.921535107113314
2025-06-24,202509,5988.6,5998.6,10.0,3.7944444444444256,52.517934892786535,-44.92904600389769
2025-06-25,202509,6101.4,6124.400000000001,23.00000000000091,3.857142857142839,52.571713947726856,-44.857428233441176
2025-06-26,202509,6104.8,6109.8,5.0,3.92539682539681,52.69906182787527,-44.84826817708165
2025-06-27,202509,6118.8,6123.2,4.399999999999636,3.980952380952366,52.72737790260793,-44.76547314070319
2025-06-30,202509,6155.6,6164.6,9.0,3.978571428571412,52.724855673227374,-44.76771281608455
2025-07-01,202509,6134.0,6147.8,13.800000000000182,3.995238095238078,52.7455220720536,-44.755045881577445
2025-07-02,202509,6107.4,6127.0,19.600000000000364,4.051587301587287,52.81429419432705,-44.71111959115247
2025-07-03,202509,6138.6,6147.2,8.599999999999454,4.077777777777765,52.866868641817646,-44.71131308626212
2025-07-04,202509,6107.2,6126.2,19.0,4.136507936507921,52.91154304497734,-44.638527171961506
2025-07-07,202509,6112.8,6126.2,13.399999999999636,4.205555555555538,53.01542201001692,-44.60431089890585
2025-07-08,202509,6226.2,6237.8,11.600000000000364,4.291269841269822,53.0895097666928,-44.50697008415315
2025-07-09,202509,6219.8,6227.4,7.599999999999454,4.396825396825375,53.14253313886151,-44.348882345210754
2025-07-10,202509,6241.8,6241.0,-0.8000000000001819,4.369047619047594,53.09938104249776,-44.36128580440258
2025-07-11,202509,6321.2,6324.6,3.4000000000005457,4.315873015872992,53.039380518857826,-44.40763448711185
2025-07-14,202509,6312.0,6315.8,3.800000000000182,4.291269841269818,53.01032307617985,-44.42778339364022
2025-07-15,202509,6274.8,6287.0,12.199999999999818,4.316666666666646,53.02796512615724,-44.394631792823944
2025-07-16,202509,6300.8,6310.2,9.399999999999636,4.408730158730137,53.09146117805998,-44.274000860599706
2025-07-17,202509,6383.6,6393.0,9.399999999999636,4.429365079365057,53.116148825352,-44.25741866662189
2025-07-18,202509,6403.8,6422.400000000001,18.600000000000364,4.470634920634897,53.1565676220077,-44.21529778073791
2025-07-21,202509,6472.6,6479.599999999999,6.9999999999990905,4.507142857142836,53.221709040697384,-44.20742332641171
2025-07-22,202509,6495.8,6513.6,17.800000000000182,4.536507936507911,53.248116233711094,-44.175100360695275
2025-07-23,202509,6499.2,6508.8,9.600000000000364,4.567460317460292,53.302917140870846,-44.167996505950256
2025-07-24,202509,6603.6,6625.0,21.399999999999636,4.653968253968229,53.3472723629292,-44.039335854992736
2025-07-25,202509,6604.4,6611.6,7.200000000000728,4.760317460317436,53.48249483899769,-43.96185991836281
2025-07-28,202509,6605.0,6609.8,4.800000000000182,4.773809523809502,53.49680198433567,-43.94918293671666
2025-07-29,202509,6633.0,6667.8,34.80000000000018,4.824603174603154,53.52079729772515,-43.87159094851884
2025-07-30,202509,6596.2,6618.0,21.800000000000185,4.944444444444422,53.78684360472968,-43.89795471584084
2025-07-31,202509,6526.6,6540.2,13.599999999999454,5.016666666666648,53.90488455815443,-43.87155122482115
2025-08-01,202509,6549.8,6553.2,3.399999999999636,5.083333333333315,53.97237267070101,-43.805706004034384
2025-08-04,202509,6622.6,6642.2,19.599999999999454,5.074603174603154,53.96405770528755,-43.81485135608124
2025-08-05,202509,6673.2,6687.0,13.800000000000182,5.162698412698387,54.07661570238996,-43.75121887699318
2025-08-06,202509,6770.4,6771.799999999999,1.3999999999996362,5.192063492063469,54.117847458036,-43.73372047390907
2025-08-07,202509,6748.8,6754.0,5.199999999999818,5.296825396825373,54.07582248713611,-43.482171693485355
2025-08-08,202509,6742.8,6739.599999999999,-3.2000000000007276,5.338888888888862,54.099120037393575,-43.421342259615855
2025-08-11,202509,6862.4,6863.2,0.8000000000001819,5.342857142857112,54.10013338282321,-43.41441909710898
2025-08-12,202509,6879.8,6884.8,5.0,5.315079365079335,54.07470976715299,-43.44455103699432
2025-08-13,202509,6995.4,7004.6,9.200000000000728,5.34999999999997,54.09601710157394,-43.396017101574
2025-08-14,202509,6936.2,6931.4,-4.800000000000182,5.389682539682513,54.131874996441105,-43.35250991707608
2025-08-15,202509,7072.6,7091.2,18.599999999999454,5.32619047619045,54.07967022007309,-43.427289267692196
2025-08-18,202509,7179.8,7188.8,9.0,5.423809523809496,54.18472672294879,-43.3371076753298
2025-08-19,202509,7187.4,7185.6,-1.7999999999992724,5.477777777777751,54.22424367162832,-43.268688116072816
2025-08-20,202509,7233.6,7289.4,55.79999999999927,5.484126984126963,54.22636575876612,-43.2581117905122
2025-08-21,202509,7187.2,7209.2,22.0,5.655555555555529,54.80050941245903,-43.48939830134797
2025-08-22,202509,7319.6,7343.4,23.799999999999272,5.769841269841241,54.93241745447564,-43.39273491479315
2025-08-25,202509,7423.0,7421.6,-1.3999999999996362,5.8849206349206025,55.08013024500653,-43.31028897516532
2025-08-26,202509,7442.0,7420.8,-21.199999999999815,5.904761904761876,55.084104292604295,-43.27458048308054
2025-08-27,202509,7356.2,7295.0,-61.19999999999982,5.7801587301587025,55.07477522968206,-43.514457769364654
2025-08-28,202509,7322.4,7376.400000000001,54.00000000000091,5.430952380952354,55.37015343518553,-44.50824867328082
2025-08-29,202509,7353.8,7368.6,14.800000000000182,5.674603174603149,55.96033296826889,-44.61112661906259
2025-09-01,202509,7387.8,7387.4,-0.4000000000005457,5.718253968253943,56.01654444029985,-44.58003650379197
2025-09-02,202509,7230.8,7254.0,23.199999999999815,5.7301587301587045,56.02120183558548,-44.56088437526807
2025-09-03,202509,7161.4,7144.599999999999,-16.800000000000182,5.811111111111084,56.14886576947905,-44.52664354725689
2025-09-04,202509,6974.2,7012.0,37.80000000000018,5.705555555555527,56.12121621962682,-44.71010510851576
2025-09-05,202509,7206.2,7225.0,18.800000000000185,5.84920634920632,56.42392876338514,-44.7255160649725
2025-09-08,202509,7248.0,7243.799999999999,-4.200000000000728,5.88809523809521,56.48761246894886,-44.71142199275844
2025-09-09,202509,7153.4,7166.8,13.400000000000546,5.840476190476159,56.45535159127479,-44.77439921032247
2025-09-10,202509,7176.6,7158.599999999999,-18.00000000000091,5.865873015872986,56.48950677469362,-44.75776074294765
2025-09-11,202509,7365.6,7383.200000000001,17.600000000000364,5.778571428571392,56.49092865901343,-44.93378580187065
2025-09-12,202509,7400.8,7389.0,-11.800000000000182,5.8555555555555205,56.58060963252148,-44.86949852141044
2025-09-15,202509,7386.4,7372.8,-13.599999999999454,5.841269841269809,56.58424545761319,-44.90170577507358
2025-09-16,202509,7454.0,7460.8,6.800000000000182,5.873809523809494,56.556081606578594,-44.80846255895961
2025-09-17,202509,7544.2,7548.4,4.199999999999818,5.946031746031716,56.58129905377523,-44.68923556171181
2025-09-18,202512,7206.2,7214.2,8.0,5.956349206349174,56.58911969809344,-44.676421285395094
2025-09-19,202512,7202.2,7211.6,9.400000000000546,5.962698412698378,56.59609358834531,-44.67069676294855
2025-09-22,202512,7211.0,7235.8,24.800000000000185,5.974603174603144,56.609821924537215,-44.66061557533092
2025-09-23,202512,7075.8,7140.200000000001,64.40000000000055,6.065079365079335,56.753228761341006,-44.62307003118234
2025-09-24,202512,7288.4,7309.4,21.0,6.311904761904734,57.527490706000414,-44.903681182190944
2025-09-25,202512,7290.8,7294.4,3.5999999999994543,6.392063492063464,57.63622773110172,-44.85210074697479
2025-09-26,202512,7193.4,7204.599999999999,11.199999999999818,6.365873015872986,57.608967819629015,-44.877221787883045
2025-09-29,202512,7316.8,7347.400000000001,30.600000000000364,6.438095238095208,57.65683469432839,-44.78064421813797
2025-09-30,202512,7408.4,7407.6,-0.7999999999992724,6.582539682539655,57.867939572043845,-44.70286020696454
2025-10-09,202512,7467.8,7475.0,7.199999999999818,6.568253968253946,57.85989040767177,-44.72338247116387
2025-10-10,202512,7346.4,7358.200000000001,11.800000000001091,6.5722222222222,57.86389897850515,-44.719454534060745
2025-10-13,202512,7303.8,7319.400000000001,15.600000000000364,6.561111111111095,57.84701683304757,-44.72479461082538
2025-10-14,202512,7148.6,7161.8,13.199999999999818,6.611904761904746,57.90820430858461,-44.684394784775115
2025-10-15,202512,7273.8,7296.8,23.0,6.549206349206333,57.77418622433659,-44.675773525923915
2025-10-16,202512,7190.6,7213.0,22.399999999999636,6.685714285714272,57.90194499425924,-44.5305164228307
2025-10-17,202512,7024.2,7036.6,12.400000000000546,6.553174603174587,57.43072739272684,-44.32437818637766
2025-10-20,202512,7053.4,7070.8,17.400000000000546,6.361904761904746,56.78384937510992,-44.060039851300424
2025-10-21,202512,7199.4,7193.2,-6.199999999999818,5.5238095238095095,47.40943203075745,-36.36181298313843
2025-10-22,202512,7165.2,7166.8,1.6000000000003638,5.311904761904746,46.88997212714098,-36.266162603331495
2025-10-23,202512,7125.6,7175.6,50.0,5.8722222222222085,43.195695830130845,-31.45125138568643
2025-10-24,202512,7267.8,7287.400000000001,19.600000000000364,6.250793650793639,43.42073177637147,-30.91914447478419
2025-10-27,202512,7332.6,7332.0,-0.6000000000003638,6.242857142857131,43.400485657851,-30.914771372136737
2025-10-28,202512,7342.2,7347.4,5.199999999999818,6.126984126984116,43.18661229520944,-30.932644041241215
2025-10-29,202512,7432.2,7450.6,18.400000000000546,6.306349206349195,42.90406751662435,-30.29136910392596
2025-10-30,202512,7366.6,7362.0,-4.600000000000364,6.3285714285714185,42.94891808741366,-30.291775230270822
2025-10-31,202512,7397.2,7383.0,-14.199999999999818,6.425396825396814,42.79881154236276,-29.948017891569133
2025-11-03,202512,7399.4,7407.0,7.600000000000364,6.736507936507927,40.98770656664852,-27.514690693632662
2025-11-04,202512,7254.8,7285.599999999999,30.799999999999272,6.738888888888881,40.99024449387347,-27.512466716095716
2025-11-05,202512,7329.8,7316.4,-13.400000000000546,6.759523809523801,41.06273870372006,-27.54369108467246
2025-11-06,202512,7401.8,7408.0,6.199999999999818,6.7309523809523695,41.0894649737945,-27.62756021188976
2025-11-07,202512,7411.6,7410.8,-0.8000000000001819,6.705555555555545,41.05610655752645,-27.64499544641535
2025-11-10,202512,7412.4,7429.8,17.400000000000546,6.563492063492053,40.739783122493066,-27.612798995508957
2025-11-11,202512,7401.6,7402.2,0.5999999999994543,6.574603174603168,40.76320532935499,-27.61399898014865
2025-11-12,202512,7355.6,7371.599999999999,15.99999999999909,6.581746031746023,40.764576705294914,-27.60108464180287
2025-11-13,202512,7462.8,7478.599999999999,15.799999999999272,6.530158730158717,40.61622060655405,-27.555903146236616
2025-11-14,202512,7413.8,7391.200000000001,-22.599999999999454,6.660317460317445,40.63586131868369,-27.3152263980488
2025-11-17,202512,7402.8,7403.599999999999,0.7999999999992724,6.587301587301573,40.73522432547038,-27.560621150867227
2025-11-18,202512,7329.2,7352.0,22.800000000000185,6.460317460317443,40.45443065460727,-27.53379573397239
2025-11-19,202512,7298.8,7309.4,10.599999999999454,6.524603174603156,40.580991255090034,-27.53178490588372
2025-11-20,202512,7268.4,7274.4,6.0,6.564285714285692,40.61625409996209,-27.487682671390704
2025-11-21,202512,7036.2,7034.6,-1.5999999999994543,6.464285714285689,40.37342105132485,-27.444849622753473
2025-11-24,202512,7111.6,7100.8,-10.800000000000182,6.405555555555533,40.319106825168866,-27.5079957140578
2025-11-25,202512,7182.8,7178.4,-4.400000000000546,6.299206349206326,40.25998049729328,-27.661567798880636
2025-11-26,202512,7184.6,7180.400000000001,-4.199999999999818,6.208730158730131,40.16152156857352,-27.744061251113255
2025-11-27,202512,7192.4,7178.6,-13.799999999999272,6.173015873015842,40.15068290152424,-27.804651155492557
2025-11-28,202512,7249.8,7258.0,8.199999999999818,6.133333333333306,40.181061726941934,-27.914395060275325
2025-12-01,202512,7286.0,7293.6,7.600000000000364,6.276190476190449,40.053161612884175,-27.50078066050327
2025-12-02,202512,7237.2,7241.8,4.600000000000364,6.254761904761875,40.021452459321736,-27.511928649797984
2025-12-03,202512,7185.4,7201.0,15.600000000000364,6.129365079365052,39.68349395965259,-27.424763800922484
2025-12-04,202512,7204.0,7214.2,10.199999999999818,6.119841269841244,39.661799484217994,-27.422116944535503
2025-12-05,202512,7311.4,7321.0,9.600000000000364,6.078571428571404,39.57454116549593,-27.417398308353125
2025-12-08,202512,7387.0,7385.400000000001,-1.5999999999994543,6.326190476190454,38.986340089971144,-26.33395913759023
2025-12-09,202512,7352.0,7349.6,-2.399999999999636,6.111904761904739,38.26268605289278,-26.038876529083304
2025-12-10,202512,7374.6,7374.2,-0.4000000000005457,6.142063492063471,38.246374090420275,-25.962247106293333
2025-12-11,202512,7312.4,7300.2,-12.199999999999818,5.895238095238072,37.22823542528442,-25.437759234808272
2025-12-12,202512,7368.2,7359.400000000001,-8.799999999999272,5.899206349206326,37.222743530281235,-25.42433083186858
2025-12-15,202512,7316.0,7309.0,-7.0,5.903174603174583,37.218977026860344,-25.41262782051118
2025-12-16,202512,7184.2,7185.8,1.6000000000003638,5.866666666666648,37.22123323393903,-25.487899900605733
2025-12-17,202512,7294.4,7291.2,-3.199999999999818,5.949206349206331,37.14789613711872,-25.24948343870606
2025-12-18,202603,7071.2,7086.4,15.199999999999818,5.886507936507917,37.09502504117436,-25.322009168158523
2025-12-19,202603,7142.0,7161.8,19.800000000000185,5.905555555555536,37.13099013215616,-25.319879021045093
2025-12-22,202603,7208.4,7224.6,16.200000000000728,6.015079365079348,37.24107290387112,-25.210914173712425
2025-12-23,202603,7192.8,7217.8,25.0,6.046825396825383,37.29799588271484,-25.20434508906407
2025-12-24,202603,7333.6,7348.200000000001,14.600000000000364,6.203968253968238,37.436445995008256,-25.028509487071776
2025-12-25,202603,7429.8,7434.2,4.399999999999636,6.264285714285697,37.5027028050015,-24.9741313764301
2025-12-26,202603,7477.4,7486.8,9.400000000000546,6.265873015872998,37.5038687042726,-24.9721226725266
2025-12-29,202603,7441.2,7461.6,20.400000000000546,6.351587301587285,37.50452181066946,-24.801347207494892
2025-12-30,202603,7467.8,7479.8,12.0,6.373015873015858,37.55725351669278,-24.811221770661067
2025-12-31,202603,7439.0,7449.799999999999,10.799999999999272,6.430158730158714,37.60260820518909,-24.742290744871667
2026-01-05,202603,7625.4,7646.400000000001,21.00000000000091,6.4952380952380775,37.635285275962765,-24.644809085486607
2026-01-06,202603,7738.2,7758.400000000001,20.200000000000728,6.545238095238079,37.73798530763994,-24.64750911716378
2026-01-07,202603,7768.6,7774.0,5.399999999999636,6.5714285714285605,37.799027531709434,-24.65617038885231
2026-01-08,202603,7808.8,7830.6,21.800000000000185,6.565079365079352,37.792979011219,-24.662820281060295
2026-01-09,202603,8011.0,8049.0,38.0,6.552380952380941,37.75276622210068,-24.6480043173388
2026-01-12,202603,8306.2,8328.6,22.399999999999636,6.615079365079354,38.00467154442859,-24.774512814269883
2026-01-13,202603,8150.8,8162.8,12.0,6.703968253968242,38.14515372672373,-24.737217218787244
2026-01-14,202603,8158.2,8171.4,13.199999999999818,6.764285714285701,38.18748331974675,-24.658911891175343
2026-01-15,202603,8158.4,8196.8,38.39999999999963,6.790476190476175,38.22412404458393,-24.643171663631577
2026-01-16,202603,8165.0,8178.0,13.0,6.984920634920616,38.592288452774625,-24.622447182933396
2026-01-19,202603,8205.4,8200.599999999999,-4.800000000001091,7.0230158730158525,38.636172271847634,-24.590140525815933
2026-01-20,202603,8091.0,8127.200000000001,36.20000000000073,7.046031746031718,38.61607807490351,-24.52401458284008
2026-01-21,202603,8217.8,8228.4,10.600000000000364,7.148412698412672,38.92877681946402,-24.63195142263867
2026-01-22,202603,8263.8,8288.800000000001,25.00000000000182,7.109523809523786,38.84872428619185,-24.62967666714428
2026-01-23,202603,8479.4,8512.2,32.80000000000109,7.246825396825378,38.99509007577416,-24.501439282123403
2026-01-26,202603,8311.6,8316.0,4.399999999999636,7.396825396825382,39.26965974033382,-24.47600894668306
2026-01-27,202603,8364.8,8379.2,14.400000000001455,7.48412698412697,39.20214164945165,-24.23388768119771
2026-01-28,202603,8373.0,8391.199999999999,18.19999999999891,7.491269841269832,39.2147214688238,-24.232181786284137
2026-01-29,202603,8330.2,8342.8,12.599999999998545,7.484920634920623,39.199118116286314,-24.229276846445064
2026-01-30,202603,8259.4,8272.599999999999,13.199999999998909,7.494444444444428,39.21335737985797,-24.224468490969116
2026-02-02,202603,7954.8,7899.000000000001,-55.79999999999927,7.526984126984107,39.252444011867745,-24.19847575789953
2026-02-03,202603,8190.8,8205.800000000001,15.00000000000091,7.303968253968238,40.005724735844574,-25.3977882279081
2026-02-04,202603,8163.6,8202.8,39.19999999999891,7.365079365079354,40.06657675356009,-25.336418023401382
2026-02-05,202603,8056.6,8062.0,5.399999999999636,7.452380952380938,40.3760300584721,-25.471268153710216
2026-02-06,202603,8057.4,8024.2,-33.19999999999982,7.414285714285702,40.32507629422278,-25.496504865651374
2026-02-09,202603,8216.6,8242.6,26.0,7.306349206349195,40.5703373291972,-25.95763891649881
2026-02-10,202603,8239.8,8245.6,5.800000000001091,7.363492063492054,40.706481823966165,-25.979497696982055
2026-02-11,202603,8244.4,8245.800000000001,1.4000000000014552,7.466666666666661,40.62754218795906,-25.694208854625735
2026-02-12,202603,8334.6,8340.0,5.399999999999636,7.440476190476187,40.610084308074114,-25.72913192712174
2026-02-13,202603,8213.4,8177.800000000001,-35.599999999998545,7.39365079365079,40.54123814584336,-25.753936558541778
2026-02-24,202603,8285.4,8280.6,-4.799999999999272,7.118253968253969,40.53685842762496,-26.300350491117023
2026-02-25,202603,8401.8,8410.2,8.400000000001455,7.108730158730161,40.53959377500389,-26.322133457543565
2026-02-26,202603,8442.0,8446.599999999999,4.599999999998545,7.111111111111119,40.54225790446162,-26.320035682239386
2026-02-27,202603,8521.6,8534.8,13.199999999998909,7.0579365079365095,40.462145543723025,-26.346272527850005
2026-03-02,202603,8430.0,8433.8,3.799999999999272,7.168253968253967,40.46867953813815,-26.132171601630215
2026-03-03,202603,8137.8,8139.0,1.199999999999818,7.138888888888881,40.43808761317511,-26.160309835397342
2026-03-04,202603,8062.6,8073.4,10.799999999999272,7.100793650793642,40.40513691618416,-26.20354961459688
2026-03-05,202603,8098.4,8137.4,39.0,7.137301587301574,40.43759874331141,-26.162995568708265
2026-03-06,202603,8214.2,8212.400000000001,-1.7999999999992724,7.253174603174593,40.79302958016534,-26.286680373816154
2026-03-09,202603,8183.6,8173.599999999999,-10.00000000000091,7.29444444444444,40.763691129437404,-26.174802240548527
2026-03-10,202603,8308.4,8314.199999999999,5.799999999999272,7.260317460317451,40.78266255000953,-26.26202762937463
2026-03-11,202603,8317.2,8312.0,-5.200000000000728,7.244444444444431,40.765748183085094,-26.27685929419623
2026-03-12,202603,8279.0,8279.800000000001,0.8000000000010914,7.242857142857128,40.76648908647195,-26.280774800757698
2026-03-13,202603,8204.0,8197.8,-6.200000000000728,7.213492063492053,40.74671971317299,-26.319735586188884
2026-03-16,202603,8179.2,8186.6,7.400000000000546,7.1071428571428426,40.63986509146107,-26.425579377175385
2026-03-17,202603,8025.8,8021.999999999999,-3.8000000000010914,7.120634920634909,40.6510724693127,-26.40980262804289
2026-03-18,202603,8077.6,8080.8,3.199999999999818,7.119047619047601,40.65152306457413,-26.41342782647893
2026-03-19,202606,7656.6,7702.799999999999,46.19999999999891,7.15873015873014,40.64869673460778,-26.331236417147498
2026-03-20,202606,7612.6,7600.0,-12.600000000000364,7.326190476190454,41.172853647828184,-26.520472695447275
2026-03-23,202606,7166.0,7203.599999999999,37.599999999999454,7.300793650793627,41.19778310243637,-26.596195800849113
2026-03-24,202606,7350.2,7397.6,47.400000000000546,7.421428571428545,41.532679483937805,-26.689822341080717
2026-03-25,202606,7490.0,7514.599999999999,24.599999999999454,7.61349206349204,42.077528200952926,-26.850544073968848
2026-03-26,202606,7385.4,7408.8,23.400000000000546,7.6285714285714015,42.11909308647752,-26.861950229334713
2026-03-27,202606,7502.0,7525.8,23.800000000000185,7.78333333333331,42.205203986783694,-26.638537320117074
2026-03-30,202606,7506.0,7526.599999999999,20.599999999999454,7.78095238095236,42.19828993986707,-26.636385177962342
2026-03-31,202606,7381.6,7404.4,22.799999999999272,7.82460317460315,42.27908783642667,-26.62988148722037
2026-04-01,202606,7514.4,7530.4,16.0,7.932539682539653,42.40364500836456,-26.538565643285253
2026-04-02,202606,7345.6,7390.4,44.79999999999927,7.999206349206324,42.467469907000456,-26.46905720858781
2026-04-03,202606,7324.2,7329.6,5.400000000000546,8.135714285714256,42.9132494103529,-26.64182083892438
2026-04-07,202606,7379.2,7391.8,12.600000000000364,8.192063492063465,42.90535569274799,-26.521228708621056
2026-04-08,202606,7762.6,7782.199999999999,19.599999999998545,8.1706349206349,42.866275185099795,-26.52500534383
2026-04-09,202606,7711.4,7719.8,8.400000000000546,8.072222222222196,42.49478629319181,-26.35034184874742
2026-04-10,202606,7803.0,7803.4,0.3999999999996362,8.019047619047598,42.39782096707728,-26.359725728982085
2026-04-13,202606,7800.8,7808.8,8.0,8.034920634920613,42.39583902086166,-26.32599775102043
2026-04-14,202606,7883.2,7930.6,47.400000000000546,8.064285714285692,42.412332875191154,-26.283761446619767
2026-04-15,202606,7908.4,7929.000000000001,20.600000000001273,8.28253968253966,42.92853383985971,-26.363454474780394
2026-04-16,202606,8053.8,8064.0,10.199999999999818,8.333333333333316,43.01400064610233,-26.347333979435703
2026-04-17,202606,8130.6,8133.2,2.5999999999994543,8.366666666666651,43.03826198491458,-26.30492865158127
2026-04-20,202606,8171.2,8165.800000000001,-5.399999999998727,8.367460317460301,43.038516290770865,-26.303595655850263
2026-04-21,202606,8164.0,8183.2,19.199999999999815,8.317460317460307,43.03159240982217,-26.39667177490155
2026-04-22,202606,8301.6,8325.0,23.399999999999636,8.788095238095226,40.74368301567472,-23.16749253948427
2026-04-23,202606,8206.0,8228.0,22.0,8.625396825396809,39.853108867229295,-22.602315216435677
2026-04-24,202606,8194.8,8186.599999999999,-8.199999999999818,8.732539682539667,39.95778566790008,-22.492706302820743
2026-04-27,202606,8201.6,8210.8,9.199999999998909,8.719047619047604,39.97070282848475,-22.532607590389535
2026-04-28,202606,8090.0,8121.2,31.199999999999815,8.792857142857121,39.96040261443419,-22.37468832871994
2026-04-29,202606,8254.8,8251.599999999999,-3.2000000000007276,8.905555555555534,40.19123631008696,-22.3801251989759
2026-04-30,202606,8273.8,8287.0,13.200000000000728,8.849206349206323,40.170868682725256,-22.472455984312607
2026-05-06,202606,8480.4,8488.0,7.600000000000364,8.819841269841247,40.11112177664365,-22.47143923696116
2026-05-07,202606,8624.6,8645.8,21.19999999999891,8.877777777777759,40.10542809463065,-22.34987253907514
2026-05-08,202606,8645.4,8651.800000000001,6.400000000001455,9.037301587301563,40.10333570718111,-22.028732532577976
2026-05-11,202606,8745.6,8744.2,-1.3999999999996362,9.038888888888872,40.10434064884276,-22.026562871065018
2026-05-12,202606,8700.8,8705.8,5.0,9.054761904761891,40.094662787082555,-21.98513897755877
2026-05-13,202606,8856.8,8864.400000000001,7.600000000002183,9.07222222222221,40.097970571719,-21.953526127274586
2026-05-14,202606,8743.8,8703.6,-40.19999999999891,9.064285714285711,40.090515093713,-21.961943665141575
2026-05-15,202606,8563.2,8603.599999999999,40.39999999999782,8.895238095238101,40.52562196638456,-22.73514577590835
2026-05-18,202606,8594.2,8638.0,43.79999999999927,9.050793650793649,40.913904705365965,-22.81231740377867
2026-05-19,202606,8692.4,8721.6,29.200000000000728,9.23650793650793,41.36201483147701,-22.888998958461148
2026-05-20,202606,8682.4,8709.0,26.600000000000364,9.37301587301587,41.5444829045817,-22.798451158549955
2026-05-21,202606,8507.2,8451.2,-56.0,9.446825396825394,41.69090634728382,-22.79725555363303
2026-05-22,202606,8609.0,8593.199999999999,-15.800000000001091,9.143650793650789,42.39510610524515,-24.107804517943567
2026-05-25,202606,8672.8,8676.2,3.400000000001455,9.082539682539675,42.46079755199785,-24.2957181869185
2026-05-26,202606,8547.0,8599.0,52.0,9.07857142857143,42.4593026324949,-24.30215977535204
2026-05-27,202606,8430.4,8453.8,23.399999999999636,9.237301587301587,43.05141951983156,-24.576816345228387
2026-05-28,202606,8540.8,8533.6,-7.199999999998909,9.313492063492063,43.16852732240462,-24.541543195420495
2026-05-29,202606,8317.2,8343.0,25.799999999999272,9.22222222222223,43.13099967196728,-24.686555227522824
2026-06-01,202606,8316.0,8313.2,-2.7999999999992724,9.305555555555562,43.27385392886296,-24.66274281775183
2026-06-02,202606,8337.0,8330.4,-6.600000000000364,9.330952380952391,43.25322551652093,-24.591320754616135
2026-06-03,202606,8359.4,8367.8,8.399999999999636,9.257142857142869,43.23698622441945,-24.722700510133713
2026-06-04,202606,8350.6,8360.2,9.600000000000364,9.264285714285728,43.24264268124566,-24.71407125267421
2026-06-05,202606,8298.6,8294.0,-4.600000000000364,9.2857142857143,43.25805564208707,-24.68662707065847
2026-06-08,202606,8046.4,8068.0,21.600000000000364,9.260317460317472,43.26468633233315,-24.7440514116982
2026-06-09,202606,8237.2,8238.800000000001,1.6000000000003638,9.428571428571445,43.254739258392455,-24.397596401249565
2026-06-10,202606,8147.0,8168.199999999999,21.19999999999891,9.426984126984143,43.25458937211636,-24.400621118148067
2026-06-11,202606,8094.8,8130.599999999999,35.79999999999927,9.495238095238106,43.34826806331253,-24.357791872836316
2026-06-12,202606,8191.8,8200.0,8.199999999999818,9.607142857142868,43.62106715442592,-24.40678144014018
2026-06-15,202606,8453.4,8472.0,18.600000000000364,9.603968253968263,43.61826944868444,-24.410332940747914
2026-06-16,202606,8609.6,8611.4,1.7999999999992724,9.642063492063505,43.67514655927182,-24.391019575144817
2026-06-17,202606,8660.8,8685.6,24.80000000000109,9.669047619047628,43.66627238776884,-24.328177149673586
2026-06-18,202609,8505.6,8522.8,17.19999999999891,9.763492063492077,43.79621691163467,-24.269232784650516
2026-06-22,202609,8521.6,8566.4,44.79999999999927,9.823809523809532,43.85515601655459,-24.20753696893552
2026-06-23,202609,8381.2,8427.0,45.79999999999927,9.97698412698413,44.28914533115449,-24.33517707718623
2026-06-24,202609,8486.8,8497.199999999999,10.399999999999636,10.146825396825395,44.74283130597059,-24.449180512319792
2026-06-25,202609,8517.8,8548.199999999999,30.399999999999636,10.157142857142857,44.75188882371614,-24.437603109430437
2026-06-26,202609,8324.0,8341.0,17.0,10.306349206349202,44.924786097249296,-24.31208768455089
2026-06-29,202609,8286.8,8324.0,37.20000000000073,10.365873015873012,44.97853599307663,-24.24678996133061
2026-06-30,202609,8485.0,8518.0,33.0,10.51031746031746,45.266174698260336,-24.245539777625417
2026-07-01,202609,8525.6,8543.0,17.399999999999636,10.634126984126988,45.48752433502205,-24.21927036676807
2026-07-02,202609,8392.4,8384.6,-7.799999999999272,10.66587301587302,45.52932812460403,-24.197582092857992
2026-07-03,202609,8403.0,8398.800000000001,-4.199999999998909,10.629365079365089,45.55100592251396,-24.292275763783785
2026-07-06,202609,8255.2,8267.2,12.0,10.59603174603176,45.55833040042705,-24.36626690836353
2026-07-07,202609,8103.0,8127.6,24.600000000000364,10.569047619047632,45.516411242729816,-24.378316004634556
2026-07-08,202609,7995.8,7990.6,-5.199999999999818,10.643650793650808,45.63037333867549,-24.343071751373877
2026-07-09,202609,8092.6,8137.400000000001,44.80000000000018,10.583333333333348,45.626875969289536,-24.460209302622836
2026-07-10,202609,8096.0,8045.0,-51.0,10.669841269841282,45.9433544175175,-24.60367187783493
2026-07-13,202609,7688.2,7700.2,12.0,10.447619047619058,46.56019834636778,-25.664960251129664
2026-07-14,202609,7766.8,7820.0,53.19999999999982,10.47777777777779,46.58276756780443,-25.627212012248854
2026-07-15,202609,7699.0,7728.599999999999,29.599999999999454,10.653174603174616,47.15657999151186,-25.850230785162633
2026-07-16,202609,7555.0,7588.8,33.80000000000018,10.715873015873026,47.29518193176041,-25.863435900014363
2026-07-17,202609,7143.6,7085.400000000001,-58.19999999999982,10.772222222222233,47.450108468988915,-25.90566402454445
2026-07-20,202609,6779.6,6873.8,94.19999999999982,10.507142857142869,48.19960083922174,-27.185315124936004
2026-07-21,202609,7141.6,7184.8,43.19999999999982,10.805555555555566,49.93150240274112,-28.320391291629996
2026-07-22,202609,7027.0,7035.0,8.0,10.923809523809537,50.260812397761214,-28.413193350142148
2026-07-23,202609,7068.8,7085.6,16.800000000000182,10.90952380952382,50.24815523710811,-28.42910761806047
2026-07-24,202609,6902.4,6893.2,-9.199999999999818,10.94603174603176,50.28940441052833,-28.397340918464813
2026-07-27,202609,7106.6,7151.4,44.79999999999927,10.912698412698427,50.310232941314865,-28.484836115918014
2026-07-28,202609,6920.4,6946.8,26.400000000000546,11.076984126984136,50.69337304675825,-28.53940479278998
